id;f1_distancia;f2_inequidad
0;625959.0100000006;0.1269381000724369
1;610796.6300000006;0.1675480742286654
