id;f1_distancia;f2_inequidad
0;267402.62999999995;0.4991040149190681
1;300160.42;0.4526158538000091
2;290798.01;0.48591265790377497
