id;f1_distancia;f2_inequidad
0;263734.38999999996;0.5335936864527374
1;294030.5700000001;0.3977134625127604
2;265348.20999999996;0.5241301905034876
