id;f1_distancia;f2_inequidad
0;213434.53999999992;0.36742346141747667
1;241431.5600000002;0.20779096066319466
2;223393.7000000001;0.2429205974524736
3;217318.15000000017;0.3294566233461799
4;219192.50000000015;0.2745893398432569
5;213445.36999999997;0.33040379335998343
6;220870.0500000001;0.24320630245854152
