id;f1_distancia;f2_inequidad
0;609491.7300000006;0.17336666275803828
1;645299.5600000003;0.16955105011102115
