id;f1_distancia;f2_inequidad
0;611629.7800000006;0.19670402732337328
1;612454.8600000006;0.15780476466190746
