id;f1_distancia;f2_inequidad
0;610977.7400000006;0.17581379906980957
1;623950.2500000007;0.14740595518838442
