id;f1_distancia;f2_inequidad
0;609902.7700000005;0.19199328029317686
1;614212.6500000006;0.15467960838455727
