id;f1_distancia;f2_inequidad
0;611573.6500000006;0.21323080619128273
1;643612.0900000003;0.17253955332310764
2;611629.7800000006;0.18940278003751027
