id;f1_distancia;f2_inequidad
0;636575.0200000008;0.16143733062321738
1;611573.6500000006;0.2135257870111945
2;612346.9800000006;0.19200321449132043
3;611629.7800000006;0.19386179990121186
