id;f1_distancia;f2_inequidad
0;657606.73;0.14759991898366467
1;609679.4600000005;0.1781095799246562
2;609735.5900000005;0.15967916746851324
