id;f1_distancia;f2_inequidad
0;603358.2600000006;0.19132651400403838
1;604183.3400000005;0.15496296101684873
