id;f1_distancia;f2_inequidad
0;605081.6500000006;0.1877846147144049
1;616313.8100000006;0.15137663780983304
2;612365.7800000006;0.1600609472542803
3;613827.7000000005;0.1573690396756538
4;612766.3500000006;0.15934435979977452
