id;f1_distancia;f2_inequidad
0;213434.53999999992;0.29427405971682624
1;222608.7300000001;0.27182510717166813
