id;f1_distancia;f2_inequidad
0;237724.86000000007;0.1870364640621954
1;210531.60999999996;0.27204855571509046
2;222491.93000000014;0.2353705707083101
