id;f1_distancia;f2_inequidad
0;210926.85999999996;0.31333222517534537
1;254029.12000000002;0.18633899812498245
2;246684.55000000002;0.19574466077577246
3;219332.78000000012;0.2071214753606095
4;220779.79000000012;0.20678591989462602
5;210937.69;0.2805933692888854
6;252104.49000000002;0.19202864369671516
