id;f1_distancia;f2_inequidad
0;609763.9200000006;0.17742288983087132
