id;f1_distancia;f2_inequidad
0;611629.7800000006;0.19878744672289891
1;656790.1399999999;0.17310241772281626
2;632639.6199999999;0.1926379375927805
3;638771.7400000003;0.17776656645285552
