id;f1_distancia;f2_inequidad
0;207978.56;0.24913043214794572
1;244828.05;0.17380544678845178
2;219217.69000000012;0.18911342863183697
3;216921.26000000013;0.21921577396609845
