id;f1_distancia;f2_inequidad
0;607717.9200000005;0.1873371688794031
1;632220.9099999999;0.15388840315306412
2;631051.7899999999;0.180861906029806
3;632183.7999999999;0.16494369008372978
4;631088.8999999999;0.17204137898768532
