id;f1_distancia;f2_inequidad
0;220038.2000000001;0.21694693411574703
1;212378.6099999999;0.32134699141098066
2;217741.7700000001;0.2374634474795836
3;212718.57999999996;0.29860788111948194
