id;f1_distancia;f2_inequidad
0;609727.8000000005;0.1988737822087165
1;625786.1000000007;0.13222237922666258
2;615748.1800000006;0.14821889742112634
3;612365.7800000006;0.15264393502015564
4;610552.8800000005;0.1738171520413046
