id;f1_distancia;f2_inequidad
0;608142.0600000005;0.18911051495153403
1;609971.2000000005;0.16672641954594172
