id;f1_distancia;f2_inequidad
0;281263.6700000001;0.3869269396116302
1;260181.10999999993;0.5647860567777461
2;266091.7899999999;0.49256626739737014
3;275799.08;0.46254574661143866
4;277401.66000000003;0.43097188093050526
5;265145.86999999994;0.517069735249619
6;265220.0299999999;0.4972799275950004
