id;f1_distancia;f2_inequidad
0;207797.43999999994;0.346986030778698
1;222608.7300000001;0.21372197672053606
2;215028.4300000001;0.24320630245854147
3;216380.00000000006;0.24152294576982405
