id;f1_distancia;f2_inequidad
0;609869.0700000005;0.17464913207896998
1;613178.8400000005;0.15066938450705364
