id;f1_distancia;f2_inequidad
0;611629.7800000006;0.1943629260468271
1;660823.62;0.14213597967703323
2;615246.1400000005;0.18304230681452957
3;656581.52;0.14467634186861505
