id;f1_distancia;f2_inequidad
0;611629.7800000006;0.18911051495153403
1;658908.76;0.18153558790973845
