id;f1_distancia;f2_inequidad
0;609125.9700000006;0.19824940334773866
1;659657.32;0.15683484296784947
2;613458.9200000006;0.1675480742286654
3;613036.8300000005;0.18221724671391565
4;611629.7800000006;0.18838293092026512
