id;f1_distancia;f2_inequidad
0;640051.8700000003;0.1745945183836233
1;609775.8500000003;0.19994506081358948
2;615537.0400000005;0.18582421706666089
3;623421.4600000001;0.1843712757833616
