id;f1_distancia;f2_inequidad
0;205438.06999999998;0.28124228384477
1;247122.38000000012;0.2361437885884127
2;213478.83000000007;0.24137913929933721
3;205448.90000000005;0.2596739408480479
4;211912.0800000001;0.2504163200219452
