id;f1_distancia;f2_inequidad
0;612010.6400000006;0.15891285630318744
1;611629.7800000006;0.19639349289814664
