id;f1_distancia;f2_inequidad
0;220521.45000000013;0.18181186857726195
1;210519.64000000013;0.3040239391159117
2;218225.0200000001;0.21586389744981033
3;212435.8800000001;0.2813348637399133
