id;f1_distancia;f2_inequidad
0;217134.4400000001;0.20678591989462597
1;207798.97000000012;0.24745229618835413
2;214838.0100000001;0.22592402852876597
3;209150.54000000007;0.24309920243024707
