id;f1_distancia;f2_inequidad
0;221532.88000000012;0.23625404170558062
1;207378.24000000008;0.2720485557150905
