id;f1_distancia;f2_inequidad
0;266456.70999999996;0.5980291706003051
1;302755.9600000001;0.5276378423770733
2;267402.62999999995;0.5696878714114715
3;302209.7800000001;0.5543389456520863
