id;f1_distancia;f2_inequidad
0;265788.80999999994;0.5286907308520634
1;260614.2099999999;0.5406390492715286
2;262530.2499999999;0.5370142750404521
