id;f1_distancia;f2_inequidad
0;611629.7800000006;0.20610790559801437
1;635168.77;0.17499825612970404
2;619074.4600000005;0.18870664793432523
3;616188.4400000005;0.19132651400403838
