id;f1_distancia;f2_inequidad
0;202526.73999999996;0.36626398342664745
1;211081.00000000017;0.22592402852876603
2;207251.54999999993;0.28719790892151165
3;205613.18999999994;0.33374973990834644
