id;f1_distancia;f2_inequidad
0;266473.98999999993;0.5012733352146533
1;265528.06999999995;0.5358005676218428
