id;f1_distancia;f2_inequidad
0;629426.45;0.15780476466190746
1;608124.7000000005;0.20930356757216897
2;627732.5700000002;0.2030404721960855
