id;f1_distancia;f2_inequidad
0;264144.06999999995;0.47689679759414993
1;260614.2099999999;0.49956578367840837
2;262228.0299999999;0.47950622027016276
