id;f1_distancia;f2_inequidad
0;241898.5400000001;0.20678591989462608
1;208676.15999999997;0.32776600732161887
2;216342.36000000013;0.2198089448184996
3;241113.0200000001;0.20812489572903636
4;216088.37000000014;0.26663411259626935
5;209694.15;0.3226410113767656
