id;f1_distancia;f2_inequidad
0;267402.62999999995;0.575750566893145
1;302142.4000000001;0.4409585518440984
