id;f1_distancia;f2_inequidad
0;611629.7800000006;0.2130876381978419
1;615585.5800000007;0.18271899318010157
