id;f1_distancia;f2_inequidad
0;264842.8899999999;0.5341780013748019
1;302755.9600000001;0.33071891388307395
2;295755.74000000005;0.38583873286358616
3;267402.62999999995;0.447522840432009
4;295922.9200000001;0.3391021002220424
5;265788.80999999994;0.4818482482846649
