id;f1_distancia;f2_inequidad
0;625959.0100000006;0.1717750952542579
1;611342.1300000007;0.19832635605450774
