id;f1_distancia;f2_inequidad
0;611207.2600000006;0.1565914238502144
