id;f1_distancia;f2_inequidad
0;205324.18;0.2855002918854317
1;243254.68000000005;0.14043582955293932
2;236806.69000000006;0.18408935028645426
3;208972.38999999996;0.2507973396102031
4;207553.42999999996;0.2677063067368169
5;208358.07999999996;0.253311402559511
6;206743.13999999998;0.27182510717166813
7;206939.11999999994;0.27076922318133245
