id;f1_distancia;f2_inequidad
0;265528.06999999995;0.4690970937165709
1;267402.62999999995;0.4354802086809202
2;266473.98999999993;0.44117381109628684
