id;f1_distancia;f2_inequidad
0;217704.57000000007;0.21921577396609848
1;210755.06000000014;0.3210226714043038
2;216000.5300000001;0.2432063024585414
3;212435.8800000001;0.30204741165732396
