id;f1_distancia;f2_inequidad
0;259436.73999999993;0.45948600321748406
1;291314.32000000007;0.4039733214513608
