id;f1_distancia;f2_inequidad
0;212067.34999999992;0.28087165910587863
1;243847.77;0.22542398324539975
