id;f1_distancia;f2_inequidad
0;221044.3300000001;0.20207259421636914
1;212972.93999999992;0.2487468592766549
2;214707.35999999993;0.2223220261992349
3;213434.53999999992;0.22999849033320963
