id;f1_distancia;f2_inequidad
0;211867.22999999992;0.2706730294818618
1;235602.6900000001;0.16393596310755
2;211895.9999999999;0.26874192494328486
