id;f1_distancia;f2_inequidad
0;267402.62999999995;0.48052344144461656
1;266456.70999999996;0.5364330495659889
