id;f1_distancia;f2_inequidad
0;612056.3100000006;0.14127454156269628
1;607469.6400000006;0.16067940469689948
