id;f1_distancia;f2_inequidad
0;611629.7800000006;0.1890802548481398
1;612454.8600000006;0.1653133122617096
