id;f1_distancia;f2_inequidad
0;208809.29;0.32015621187164234
1;213616.6000000002;0.24309920243024707
