id;f1_distancia;f2_inequidad
0;242280.9000000001;0.1892969448600092
1;206104.03999999995;0.3796699955955903
2;214504.6300000001;0.22542398324539967
3;210826.80999999997;0.35939764421413034
4;214250.6400000001;0.28528737947706156
5;206479.88000000003;0.3707865138983467
