id;f1_distancia;f2_inequidad
0;609902.7700000005;0.1943629260468271
1;635933.6600000007;0.179814832601311
2;617678.1000000002;0.18928189749352684
