id;f1_distancia;f2_inequidad
0;212435.8800000001;0.23625404170558056
1;208929.49;0.36683234893098265
2;209305.33000000005;0.3469860307786979
