id;f1_distancia;f2_inequidad
0;205514.3800000001;0.2633913438213185
1;222055.16000000012;0.16153559979150112
2;220460.0700000001;0.19982631347136337
3;213466.39000000004;0.2380111458641288
4;206865.95000000004;0.2613732431260367
5;210434.00000000015;0.2432419919887738
6;211785.5700000001;0.2414870021807017
7;212114.8200000001;0.24022558842332628
