id;f1_distancia;f2_inequidad
0;248834.93000000002;0.21694693411574695
1;211888.82999999993;0.36283509416201115
2;218238.6800000001;0.23537057070831008
3;214718.7100000001;0.26404965862924773
4;215660.0200000001;0.2548147475236777
5;217297.3700000001;0.24377670793850134
