id;f1_distancia;f2_inequidad
0;607717.9200000005;0.19578068884596356
1;627059.3200000001;0.16420194966393517
2;610603.9400000004;0.19498996806626842
