id;f1_distancia;f2_inequidad
0;212078.73000000016;0.23448377105652515
