id;f1_distancia;f2_inequidad
0;211831.19999999992;0.234483771056525
