id;f1_distancia;f2_inequidad
0;278426.66;0.47324236215002274
1;267489.94999999995;0.4838707052250632
2;266473.98999999993;0.4967068198953539
