id;f1_distancia;f2_inequidad
0;622781.0700000006;0.1806930931067493
1;611540.7000000007;0.18195537246357793
