id;f1_distancia;f2_inequidad
0;606465.4000000006;0.20458459961208592
1;616038.2500000006;0.1781524101717403
2;637944.0000000005;0.1653133122617096
