id;f1_distancia;f2_inequidad
0;267402.62999999995;0.5057986242210322
1;268418.58999999997;0.4776924786582542
