id;f1_distancia;f2_inequidad
0;221342.77000000008;0.22695906385660536
1;209647.60000000015;0.24547997202759073
