id;f1_distancia;f2_inequidad
0;226008.88999999998;0.1863389981249825
1;201537.07999999996;0.332498955721
2;220983.55999999997;0.1914400834610024
3;208612.80000000002;0.2211083193570267
4;205714.52;0.2465033242958174
5;205725.35000000003;0.22360679774997902
6;201912.92;0.3191786333700926
7;202407.75999999998;0.28565227501671014
8;202783.6;0.273861278752583
