id;f1_distancia;f2_inequidad
0;267402.62999999995;0.4818763960925157
1;266456.70999999996;0.5119025989710672
