id;f1_distancia;f2_inequidad
0;223340.7600000001;0.1790697412245359
1;211831.19999999992;0.342554740151118
2;220506.43000000017;0.30273636312071206
3;220762.1000000001;0.21110654234822335
4;221636.72000000012;0.19930434571835667
