id;f1_distancia;f2_inequidad
0;604183.3400000005;0.16270832499733226
1;607311.6700000005;0.14143646086118494
