id;f1_distancia;f2_inequidad
0;605237.5400000006;0.1751181067690014
