id;f1_distancia;f2_inequidad
0;214109.26000000015;0.2039539708420069
1;197490.88999999998;0.3287180487219336
2;198361.56999999998;0.2943920288775948
3;213026.98000000016;0.22173557826083445
