id;f1_distancia;f2_inequidad
0;659657.32;0.1658086945650299
1;611629.7800000006;0.19932403774127289
2;628209.4600000002;0.18810936137241416
3;613036.8300000005;0.1963643551180751
