id;f1_distancia;f2_inequidad
0;267402.62999999995;0.4972799275950004
1;281190.2299999999;0.4540221004624482
