id;f1_distancia;f2_inequidad
0;210033.05999999997;0.3077697552103231
1;225026.09999999995;0.23359360484016292
2;211438.19000000015;0.25276251480171835
3;222986.53999999995;0.23570226039551573
4;210039.50999999998;0.30066477272130754
