id;f1_distancia;f2_inequidad
0;611629.7800000006;0.19578068884596356
1;612940.4300000006;0.18387403804026922
