id;f1_distancia;f2_inequidad
0;218808.8300000001;0.2091235015221601
1;205925.58999999997;0.29860788111948194
2;216512.4000000001;0.22043990110685513
