id;f1_distancia;f2_inequidad
0;216067.3800000001;0.22043990110685507
1;206663.18999999997;0.37850216497252537
2;208312.38;0.2699987139887069
3;206674.02000000002;0.34641016151377546
4;208301.54999999996;0.2992757461309255
