id;f1_distancia;f2_inequidad
0;267402.62999999995;0.4409585518440984
1;278426.66;0.38287449894768966
