id;f1_distancia;f2_inequidad
0;625959.0100000006;0.17521610540629534
1;601806.9000000006;0.22165172249270787
2;611540.7000000007;0.1856907337052239
