id;f1_distancia;f2_inequidad
0;628989.4100000006;0.16195634720021782
1;611573.6500000006;0.2033877507335127
2;611629.7800000006;0.1856907337052239
3;626851.8200000006;0.17183060506189665
