id;f1_distancia;f2_inequidad
0;265356.73999999993;0.49727992759500045
1;275948.48000000004;0.42181069468753135
2;266302.66;0.4732423621500229
