id;f1_distancia;f2_inequidad
0;227836.7;0.21794494717703364
1;218473.4300000001;0.22263416678987583
2;213372.32999999993;0.3181707700102083
