id;f1_distancia;f2_inequidad
0;266473.98999999993;0.42869993836339393
1;265528.06999999995;0.4559300152648918
