id;f1_distancia;f2_inequidad
0;613096.8000000006;0.1665432791149477
1;611267.6600000006;0.18602938905922903
