id;f1_distancia;f2_inequidad
0;232261.65999999992;0.2457627017176437
1;213074.03000000014;0.28577380332470403
2;220506.43000000017;0.2621691036123229
