id;f1_distancia;f2_inequidad
0;279277.55999999994;0.4247905938354933
1;258333.52;0.4364757355321523
2;266473.98999999993;0.43288739073291976
3;258023.82;0.44475629250435816
4;280808.86999999994;0.4098399077688749
