id;f1_distancia;f2_inequidad
0;603592.4700000007;0.22275045978400218
1;625959.0100000006;0.16293090029667293
2;607735.5700000006;0.18312564992952074
