id;f1_distancia;f2_inequidad
0;223393.7000000001;0.23273733406281574
1;213372.32999999993;0.26532867458221615
2;222608.7300000001;0.24438130497691976
