id;f1_distancia;f2_inequidad
0;611351.1500000006;0.171875
1;609522.0100000006;0.21021287573552672
2;609763.9200000006;0.20008810010276568
