id;f1_distancia;f2_inequidad
0;212921.5400000001;0.21408720964441877
1;208693.48999999996;0.32826881768859295
2;211141.55999999994;0.2661453237111885
3;212298.5800000001;0.2549169254657071
