id;f1_distancia;f2_inequidad
0;265788.80999999994;0.4736720747257537
1;264842.8899999999;0.5185104450222986
