id;f1_distancia;f2_inequidad
0;611540.7000000007;0.18329222247100224
