id;f1_distancia;f2_inequidad
0;611629.7800000006;0.16457323775735075
1;615235.8600000006;0.14818028701867703
