id;f1_distancia;f2_inequidad
0;211214.59999999998;0.33281209246193094
1;217975.1700000001;0.18138165716399102
2;217710.30000000005;0.30448043177408535
