id;f1_distancia;f2_inequidad
0;211652.6799999999;0.37246830588506297
1;212113.20000000016;0.2303379160180876
