id;f1_distancia;f2_inequidad
0;611091.9100000005;0.19068742574154568
1;658865.9300000003;0.1608692209529219
2;658601.8900000002;0.16571664254152138
