id;f1_distancia;f2_inequidad
0;208588.90999999997;0.304480431774085
1;212435.8800000001;0.26110741723155506
