id;f1_distancia;f2_inequidad
0;267402.62999999995;0.489028941429396
1;269458.55;0.48094664862065994
