id;f1_distancia;f2_inequidad
0;211413.53999999998;0.31088471425201253
1;222608.7300000001;0.19574466077577257
2;213573.38000000003;0.23921166824012213
3;212435.8800000001;0.25110865288865614
