id;f1_distancia;f2_inequidad
0;627259.44;0.1589488596694999
1;599227.3300000007;0.17899620759665377
2;626127.43;0.16535945694153692
3;601517.3000000006;0.17441963964347415
