id;f1_distancia;f2_inequidad
0;612532.6700000005;0.15128841196122722
1;609646.6500000005;0.16881825514879714
