id;f1_distancia;f2_inequidad
0;262788.47;0.5416666666666666
1;301618.7200000001;0.40491232761618356
2;263734.38999999996;0.5059326851908705
