id;f1_distancia;f2_inequidad
0;306564.95000000007;0.41819381596137145
1;258559.78999999992;0.5119820807818051
2;303646.2600000001;0.461635829295007
