id;f1_distancia;f2_inequidad
0;609512.2400000003;0.2130876381978419
1;628369.9300000009;0.16682934768798924
2;613607.3000000006;0.17899620759665377
3;611341.3800000004;0.18773382230463795
