id;f1_distancia;f2_inequidad
0;298903.57000000007;0.4447562925043582
1;258559.78999999992;0.5237159810617245
2;297968.4600000001;0.4602233757161358
