id;f1_distancia;f2_inequidad
0;276817.35000000003;0.4061164310337068
1;264402.2899999999;0.4757292921136979
2;265348.20999999996;0.4418189595926771
