id;f1_distancia;f2_inequidad
0;625821.53;0.17650674935638969
1;607719.9200000004;0.21006765093357424
2;611801.2400000005;0.19678158436032417
3;624102.6000000001;0.1853617497529746
