id;f1_distancia;f2_inequidad
0;213347.61000000013;0.24438130497691982
