id;f1_distancia;f2_inequidad
0;222164.33000000013;0.24632718756429098
1;211831.19999999992;0.37407292812439064
2;215028.4300000001;0.30204741165732396
3;212371.4700000001;0.3591802008277554
