id;f1_distancia;f2_inequidad
0;215883.18000000008;0.24438130497691982
1;212570.95999999993;0.37859388972001823
