id;f1_distancia;f2_inequidad
0;213024.9300000002;0.3171049598406742
1;222164.33000000013;0.25245324099501865
2;215028.4300000001;0.2964781704536704
3;214705.75000000015;0.29834613566571755
