id;f1_distancia;f2_inequidad
0;214759.71000000014;0.20611317010052738
1;207155.96;0.2757565351295717
2;209248.11999999997;0.2711856682545497
3;212921.5400000001;0.21969043877440123
