id;f1_distancia;f2_inequidad
0;206204.05000000008;0.3077697552103231
1;216129.27000000014;0.1753963764987433
2;212194.6600000001;0.24537386440559106
3;207893.56000000006;0.27638539919628335
4;211670.8600000001;0.25603819159562036
5;207369.76000000007;0.2871072196158702
6;206727.85000000006;0.29895651857753497
