id;f1_distancia;f2_inequidad
0;253793.74000000005;0.15495294984822544
1;204202.07000000012;0.26349019589603956
2;219522.15000000017;0.15877132402714705
