id;f1_distancia;f2_inequidad
0;294085.26000000007;0.43398263654142244
1;258559.78999999992;0.48052344144461656
2;260475.82999999993;0.47390109544491343
