id;f1_distancia;f2_inequidad
0;267402.62999999995;0.5098583255697389
1;272282.02;0.45833333333333337
