id;f1_distancia;f2_inequidad
0;610755.3600000006;0.19639349289814664
1;611580.4400000005;0.1514899955442603
