id;f1_distancia;f2_inequidad
0;279277.55999999994;0.40127833925537965
1;264935.36999999994;0.4923183798648775
2;265881.29;0.4592497939726145
