id;f1_distancia;f2_inequidad
0;267402.62999999995;0.34981238771264545
1;266456.70999999996;0.3766961064269475
