id;f1_distancia;f2_inequidad
0;611573.6500000006;0.23593232610221093
1;625959.0100000006;0.15467960838455727
2;611629.7800000006;0.2130876381978419
