id;f1_distancia;f2_inequidad
0;258559.78999999992;0.49289659018004084
1;300681.5400000001;0.3138426019829755
2;275529.20999999996;0.384147685720537
3;288347.7400000001;0.3623068810299723
4;293848.50000000006;0.3265919876373099
5;265348.20999999996;0.42232486302674116
6;260173.60999999993;0.4545296714431547
7;264402.2899999999;0.4428002355590059
8;262089.64999999994;0.45330456212315656
9;263448.47;0.44338184062636377
