id;f1_distancia;f2_inequidad
0;222608.7300000001;0.23625404170558062
1;210692.3000000001;0.3989569734528606
2;216106.94000000015;0.25300279972100453
3;214545.22999999995;0.3760171390892826
4;212453.06999999995;0.37822685726367383
