id;f1_distancia;f2_inequidad
0;606609.1200000006;0.21895045224230383
1;634650.5200000007;0.16881825514879714
2;628201.3100000002;0.19286553097199452
3;606665.2500000006;0.20587642244404622
