id;f1_distancia;f2_inequidad
0;629463.5599999999;0.14393616935853676
1;605530.5500000005;0.23155036184026873
2;629426.45;0.15614009806775891
3;607083.1100000006;0.19031697385443416
4;605772.4600000005;0.19933360659645427
