id;f1_distancia;f2_inequidad
0;611629.7800000006;0.2020611413260461
1;619034.8900000006;0.17345465497928955
