id;f1_distancia;f2_inequidad
0;300124.88;0.4220678571529307
1;260465.77999999997;0.6438140475151017
2;297953.73000000004;0.4544102939830675
3;266799.92;0.4597220910959867
4;261411.69999999998;0.6158179689107272
5;263025.52;0.5589199343873463
6;264240.17999999993;0.5404383107333651
7;265186.1;0.4997557997412337
8;262079.59999999998;0.5803495115493382
9;265853.99999999994;0.47800470527379635
