id;f1_distancia;f2_inequidad
0;272282.02;0.47527290223325613
1;266456.70999999996;0.5145190158860343
2;267402.62999999995;0.4972799275950005
