id;f1_distancia;f2_inequidad
0;608361.6700000006;0.18002685346567052
