id;f1_distancia;f2_inequidad
0;595857.8300000005;0.2255415439272982
1;632639.6199999999;0.1405707360581764
2;625115.3300000008;0.18412282476545208
3;597321.0100000006;0.19729462967459985
4;595913.9600000005;0.20248547160460056
