id;f1_distancia;f2_inequidad
0;212435.8800000001;0.2661453237111886
1;221379.36000000013;0.23801114586412872
