id;f1_distancia;f2_inequidad
0;267402.62999999995;0.5110540238348367
1;266042.79999999993;0.5162033793181177
