id;f1_distancia;f2_inequidad
0;611629.7800000006;0.19993552122242905
1;614212.6500000006;0.15309310892394862
2;613458.9200000006;0.17659317695337035
