id;f1_distancia;f2_inequidad
0;221379.36000000013;0.18366447367111827
1;212569.37999999995;0.324010245036926
2;216106.94000000015;0.22418835087191008
3;216342.36000000013;0.21885909977781492
