id;f1_distancia;f2_inequidad
0;211826.61999999994;0.39255219044379586
1;217866.47000000012;0.23180301742835205
2;213347.61000000013;0.2833026944218264
3;211837.44999999998;0.3636237371545238
