id;f1_distancia;f2_inequidad
0;614939.5500000006;0.1405707360581764
1;606039.0800000007;0.1843712757833616
2;611629.7800000006;0.17746588580625855
