id;f1_distancia;f2_inequidad
0;266042.79999999993;0.500189851109334
