id;f1_distancia;f2_inequidad
0;608131.1600000005;0.1943629260468271
1;612846.3200000005;0.1690102160373745
2;609960.3000000005;0.17025828767341805
