id;f1_distancia;f2_inequidad
0;212433.3699999999;0.32134699141098066
1;217514.5500000001;0.1914400834610024
2;215218.1200000001;0.20344259359556177
