id;f1_distancia;f2_inequidad
0;608889.0900000007;0.23233979643156136
1;611916.9900000006;0.15264393502015564
2;611091.9100000005;0.1943629260468271
3;609714.1700000006;0.2021838171032427
