id;f1_distancia;f2_inequidad
0;611629.7800000006;0.1897549142716319
1;621073.8600000002;0.17742288983087132
