id;f1_distancia;f2_inequidad
0;611629.7800000006;0.1907274314958391
1;614769.5700000005;0.1570293065800139
2;612940.4300000006;0.18153558790973845
3;613458.9200000006;0.17061639673250745
