id;f1_distancia;f2_inequidad
0;246026.07000000007;0.21011736138538292
1;211669.37999999995;0.32508011832982553
2;215495.88000000018;0.22345146129653212
