id;f1_distancia;f2_inequidad
0;203774.26000000013;0.3162277660168379
1;217787.7900000001;0.20615528128088306
2;207220.1400000001;0.24632718756429092
3;214189.9000000001;0.24267032964268398
4;215893.9400000001;0.21469455046647087
5;206054.4300000001;0.27685610983967024
6;204939.97000000012;0.2928547231800929
