id;f1_distancia;f2_inequidad
0;220768.7700000001;0.21469455046647096
1;203857.14000000007;0.3259334884434076
2;217400.46000000005;0.2403339690236625
3;211562.5900000001;0.2802528620133374
4;206137.31000000008;0.3139134700306228
5;209282.4200000001;0.2936539441057942
