id;f1_distancia;f2_inequidad
0;213434.53999999992;0.37183852528871836
1;213749.8100000001;0.22360679774997907
2;213742.14000000022;0.33870669054835956
