id;f1_distancia;f2_inequidad
0;267402.62999999995;0.5739573880814963
1;278550.42;0.5220818369225694
