id;f1_distancia;f2_inequidad
0;223393.7000000001;0.2273030282830976
1;209298.25000000012;0.29849157814287186
2;215358.91000000015;0.2597742075127724
3;220870.0500000001;0.24094720491334937
