id;f1_distancia;f2_inequidad
0;608545.0000000003;0.15289363899047598
