id;f1_distancia;f2_inequidad
0;267402.62999999995;0.39528470752104744
1;279277.55999999994;0.3896167543596884
