id;f1_distancia;f2_inequidad
0;607549.2400000006;0.1623327715248449
