id;f1_distancia;f2_inequidad
0;221875.65000000008;0.16535945694153692
1;204611.6;0.32134699141098066
2;213261.81000000008;0.2936539441057942
3;214131.97000000003;0.21147629234082538
4;211580.99000000014;0.31710495984067416
5;220934.34000000008;0.18703646406219537
6;215073.28000000006;0.19293061504650375
