id;f1_distancia;f2_inequidad
0;611091.9100000005;0.1943629260468271
1;655590.3299999998;0.14739301519317113
2;614401.6800000006;0.16123635404347983
