id;f1_distancia;f2_inequidad
0;267402.62999999995;0.4923183798648776
1;300160.42;0.4563165857043649
2;297989.27;0.47413000553938556
3;272367.11000000004;0.4813131271728301
