id;f1_distancia;f2_inequidad
0;267402.62999999995;0.3484526809099527
1;266456.70999999996;0.3690206163316322
