id;f1_distancia;f2_inequidad
0;211831.19999999992;0.3696845502136472
1;246905.99000000005;0.26216910361232304
2;214504.6300000001;0.28108791625871565
