id;f1_distancia;f2_inequidad
0;220338.9000000001;0.21404665898402214
1;206104.03999999995;0.2603083107906213
2;212655.10999999993;0.23975537301359667
3;219553.9300000001;0.22356797375493864
4;207555.37999999995;0.2470661180062265
