id;f1_distancia;f2_inequidad
0;214002.63000000006;0.25382490684196735
1;208901.50999999995;0.3763632627602693
2;212435.8800000001;0.25897098722100564
3;208912.34;0.3427574053013134
