id;f1_distancia;f2_inequidad
0;211112.78999999995;0.24608038433722343
