id;f1_distancia;f2_inequidad
0;613107.9900000005;0.17711085685308617
1;611269.7800000006;0.18494969689312651
