id;f1_distancia;f2_inequidad
0;608124.7000000005;0.2094857449654988
1;638616.3900000008;0.1390838949482807
2;628209.4600000002;0.19036707704705008
3;637280.6700000007;0.14811591398161567
