id;f1_distancia;f2_inequidad
0;295809.83000000013;0.37322351202805476
1;264021.14999999997;0.4960783708246107
2;265037.11;0.4460657007381311
