id;f1_distancia;f2_inequidad
0;220833.7600000001;0.1678603089873641
1;206944.69000000003;0.32649230040266203
2;215883.18000000008;0.26269833776913537
3;219109.47000000012;0.1913040047208166
