id;f1_distancia;f2_inequidad
0;209264.6000000001;0.33778280332518745
1;218395.45000000013;0.18554536731843604
2;216392.51000000007;0.2130711279257599
3;214253.04000000007;0.2511086528886561
4;211041.54000000007;0.3058458217250429
5;212476.10000000006;0.29580398915498085
6;213181.01000000007;0.277357320677377
