id;f1_distancia;f2_inequidad
0;210540.37000000014;0.3297463250574429
1;253740.9100000001;0.2414870021807018
2;222608.7300000001;0.27835703491898484
3;212248.99000000014;0.3013856886670854
4;216550.18000000014;0.29294363318260086
