id;f1_distancia;f2_inequidad
0;264842.8899999999;0.549621081594705
1;265788.80999999994;0.5102040373441024
