id;f1_distancia;f2_inequidad
0;222608.7300000001;0.22999849033320977
1;212015.96999999994;0.32489314482696546
2;215028.4300000001;0.29127950494327626
3;220904.69000000012;0.25440562537456246
4;221689.66000000012;0.25372228912730554
