id;f1_distancia;f2_inequidad
0;611629.7800000006;0.2049199538844375
1;615819.4700000002;0.17026948998205757
