id;f1_distancia;f2_inequidad
0;609362.6600000005;0.1665432791149477
