id;f1_distancia;f2_inequidad
0;597244.2000000007;0.1852794124919425
1;651185.2600000005;0.17336666275803828
2;599227.3300000007;0.18229050408855468
