id;f1_distancia;f2_inequidad
0;210137.1300000001;0.2871072196158702
1;217777.66000000006;0.20548046676563247
2;210161.29000000007;0.23258809561588098
3;212439.33000000007;0.2074983266331455
4;211966.90000000008;0.21602468994692864
