id;f1_distancia;f2_inequidad
0;265348.20999999996;0.46160644726084343
