id;f1_distancia;f2_inequidad
0;272282.02;0.5632469962808897
1;265083.19999999995;0.6123724356957944
2;267402.62999999995;0.5719689130538477
