id;f1_distancia;f2_inequidad
0;654967.5200000008;0.14966596922396888
1;607340.3900000006;0.19801836579812332
2;614212.6500000006;0.16828640022295324
3;653087.0900000008;0.16562453935667074
4;608675.5300000006;0.18668442414607064
