id;f1_distancia;f2_inequidad
0;631450.7;0.16358515005451862
1;596826.5500000007;0.203125
2;598655.6900000006;0.179814832601311
3;598233.6000000007;0.19506820659607596
