id;f1_distancia;f2_inequidad
0;212067.34999999992;0.2791044706835696
1;225163.5500000001;0.2331844763272204
