id;f1_distancia;f2_inequidad
0;611629.7800000006;0.18329222247100224
1;615438.8100000006;0.16369005343560128
