id;f1_distancia;f2_inequidad
0;610879.8100000006;0.19247945304304562
1;639347.3000000009;0.1742445853882105
