id;f1_distancia;f2_inequidad
0;628209.4600000002;0.1899960005489836
1;611548.0100000005;0.21193881263877642
2;613642.5400000005;0.20458459961208592
