id;f1_distancia;f2_inequidad
0;603595.7300000004;0.16562453935667074
