id;f1_distancia;f2_inequidad
0;212181.8900000001;0.2820744090168801
1;212573.0000000001;0.22169642657371713
2;212435.8800000001;0.27638539919628313
