id;f1_distancia;f2_inequidad
0;609727.8000000005;0.19678158436032417
1;626605.7200000007;0.1589488596694999
2;615921.0900000005;0.17266111064990686
3;625959.0100000006;0.17230725120655652
