id;f1_distancia;f2_inequidad
0;611216.5700000006;0.20116239358724583
1;613537.0300000005;0.16019197391211387
2;613036.8300000005;0.19729462967459985
3;613123.8200000005;0.16395783491757682
4;612623.6200000006;0.19748788530882092
