id;f1_distancia;f2_inequidad
0;267402.62999999995;0.4818763960925157
1;272282.02;0.4713757476643354
