id;f1_distancia;f2_inequidad
0;220934.34000000008;0.18814703174792735
1;212435.8800000001;0.28108791625871565
2;219230.3000000001;0.20816659994661332
3;220015.2700000001;0.2054804667656326
