id;f1_distancia;f2_inequidad
0;207735.25000000006;0.3026503299555813
1;222050.0300000001;0.19856254262406434
2;219292.1200000001;0.23804761428476173
3;209086.82;0.30066477272130765
4;212200.46000000008;0.2537222891273055
5;213552.03000000003;0.2516266524480708
6;221108.7200000001;0.22232202619923513
