id;f1_distancia;f2_inequidad
0;225621.3499999999;0.16499158227686103
1;205579.28000000003;0.24832774042918895
2;218781.9600000001;0.19034872967500704
3;209670.85;0.19364916731037085
4;206875.97999999998;0.21147629234082535
5;205590.11000000007;0.23614378858841256
6;206886.81000000006;0.20052015692526606
7;209660.01999999996;0.1998263134713633
