id;f1_distancia;f2_inequidad
0;212435.8800000001;0.23673121185569657
1;211876.15999999995;0.3590109871423003
2;211886.99;0.3248931448269655
