id;f1_distancia;f2_inequidad
0;212598.72000000015;0.2881936077631763
1;223393.7000000001;0.2511086528886561
2;213071.69000000018;0.2592724864350674
