id;f1_distancia;f2_inequidad
0;208914.33000000005;0.20949675149960886
1;208023.40000000005;0.2723037009582417
2;208043.65000000005;0.26216910361232276
3;208894.08000000005;0.21794494717703364
