id;f1_distancia;f2_inequidad
0;204296.59999999998;0.26562295750848713
1;204285.76999999996;0.28271992422812287
2;216324.60000000012;0.16996731711975957
