id;f1_distancia;f2_inequidad
0;260173.60999999993;0.5696878714114715
1;297517.2800000001;0.3908679799852858
2;285156.47000000015;0.4176745622258501
3;292369.8200000001;0.39989012162717896
