id;f1_distancia;f2_inequidad
0;659592.9099999999;0.14739301519317113
1;611035.7800000005;0.19390115071860714
2;611091.9100000005;0.1781095799246562
