id;f1_distancia;f2_inequidad
0;267402.62999999995;0.46814196675972836
1;266225.1599999999;0.4840949010926359
