id;f1_distancia;f2_inequidad
0;608470.9800000004;0.20587642244404622
1;634971.7;0.16494369008372978
2;610300.1200000005;0.1817875749662484
3;631053.7900000002;0.17798102734210183
