id;f1_distancia;f2_inequidad
0;266225.1599999999;0.4658474953124562
1;270822.38;0.43049954832857973
