id;f1_distancia;f2_inequidad
0;609126.9700000004;0.17218544406667335
1;607719.9200000004;0.18083026561097978
