id;f1_distancia;f2_inequidad
0;611629.7800000006;0.19993552122242905
1;619034.8900000006;0.16782106516200335
2;613458.9200000006;0.1943629260468271
