id;f1_distancia;f2_inequidad
0;611534.1900000008;0.1838429160273452
1;614299.9400000008;0.16044181857744413
2;613586.2900000007;0.1751181067690014
