id;f1_distancia;f2_inequidad
0;625831.0400000005;0.16787788239800233
1;611629.7800000006;0.19278639853211735
2;619034.8900000006;0.1804395775934686
