id;f1_distancia;f2_inequidad
0;613554.5600000005;0.1658086945650299
1;611629.7800000006;0.21237035049998004
