id;f1_distancia;f2_inequidad
0;658457.83;0.16170884254072
1;611267.6600000006;0.20911211049544542
2;656422.1399999999;0.16457323775735075
3;613096.8000000006;0.19055734903562332
