id;f1_distancia;f2_inequidad
0;281920.33999999997;0.44181895959267703
1;263029.2099999999;0.46814196675972836
2;270668.19999999995;0.4594860032174842
