id;f1_distancia;f2_inequidad
0;611387.8700000006;0.22041774968227945
1;626667.27;0.1618031746721441
2;611629.7800000006;0.21136205827379326
