id;f1_distancia;f2_inequidad
0;217777.66000000006;0.20978659791956836
1;209018.57;0.38693955887479653
2;212194.80999999997;0.3510895738823481
3;216263.38000000006;0.216626598859266
4;209597.37999999998;0.3628590176179539
5;210611.62999999998;0.3550234734023465
