id;f1_distancia;f2_inequidad
0;205998.51000000004;0.28173569173961616
1;233871.84000000008;0.13437096247164254
2;233705.7500000001;0.17775607506417954
3;206443.68000000002;0.25927248643506745
