id;f1_distancia;f2_inequidad
0;266323.3399999999;0.5414412591895613
1;272148.64999999997;0.46010547552828707
2;267269.25999999995;0.49866901841858546
