id;f1_distancia;f2_inequidad
0;213434.53999999992;0.36883826627217875
1;219937.6200000001;0.2368411915187053
2;216342.11000000013;0.25327713192381884
