id;f1_distancia;f2_inequidad
0;217134.4400000001;0.1840893502864544
1;209522.69;0.3931487914546124
2;212259.3500000001;0.2886751345948129
3;210060.06;0.3807658583550905
4;214555.7800000001;0.269644828122724
5;214838.0100000001;0.21778557242286634
6;215622.98000000007;0.2153807997220015
7;213044.32000000007;0.27826346428440013
