id;f1_distancia;f2_inequidad
0;611629.7800000006;0.17248427167312785
1;607638.3200000006;0.17866557228170737
