id;f1_distancia;f2_inequidad
0;609152.8000000005;0.20054514023402406
1;659435.36;0.14484762670108717
2;625821.53;0.1574053961598343
