id;f1_distancia;f2_inequidad
0;267402.62999999995;0.5288702828120206
1;271999.85000000003;0.4583037395748953
