id;f1_distancia;f2_inequidad
0;611629.7800000006;0.18351061947728664
1;638883.4900000003;0.17336666275803828
2;613919.7500000006;0.1781524101717403
3;611936.6200000006;0.18083026561097978
