id;f1_distancia;f2_inequidad
0;609945.6600000005;0.16423679357937543
