id;f1_distancia;f2_inequidad
0;209047.00000000015;0.23094010767585033
1;208094.07999999996;0.3593010189551683
2;208104.91;0.3344772040064913
