id;f1_distancia;f2_inequidad
0;611629.7800000006;0.20054514023402406
1;614939.5500000006;0.16672641954594172
