id;f1_distancia;f2_inequidad
0;303792.62000000005;0.43072003466740305
1;260614.2099999999;0.5266343608235224
2;303067.07;0.4534541429099775
3;303307.59;0.43821246551251325
