id;f1_distancia;f2_inequidad
0;611629.7800000006;0.19917087353635415
1;625259.1900000008;0.1488481162754504
2;613458.9200000006;0.1772830808946087
3;613036.8300000005;0.19247945304304562
