id;f1_distancia;f2_inequidad
0;244715.13;0.2057759704144292
1;208458.57999999996;0.33291640592396954
2;222320.67000000013;0.2216964265737171
3;209878.33;0.31080093664952524
4;213749.8100000001;0.2576604138956719
5;215101.38000000006;0.2496873044429774
6;208469.41;0.3152380053229622
7;220024.24000000014;0.24137913929933735
8;221379.36000000013;0.2368411915187053
