id;f1_distancia;f2_inequidad
0;203231.8900000001;0.3558050340034866
1;218455.5800000001;0.17775607506417956
2;213263.65000000005;0.23213980461973543
3;204837.45000000004;0.33870669054835956
4;211582.83000000007;0.2661127058639295
5;211912.0800000001;0.23448377105652515
6;205512.0600000001;0.30230595245361763
7;207117.62000000005;0.2778888666755512
8;205766.0500000001;0.27984991017011646
9;210231.26000000013;0.26718699236469
10;203485.8800000001;0.33950024545891966
