id;f1_distancia;f2_inequidad
0;611091.9100000005;0.2080146895870202
1;618605.8900000006;0.15852831162267988
