id;f1_distancia;f2_inequidad
0;629278.6399999999;0.18060862747487832
1;611629.7800000006;0.19200321449132043
