id;f1_distancia;f2_inequidad
0;204373.45000000007;0.3968408231128556
1;217711.9000000001;0.2235679737549386
2;213411.99;0.29720924166878343
3;206114.88000000006;0.34031745800387925
4;204738.75000000006;0.3926185242134602
5;205749.58000000007;0.34678583688880177
