id;f1_distancia;f2_inequidad
0;613217.0100000005;0.1653133122617096
1;611387.8700000006;0.2006212123620266
2;611629.7800000006;0.1910072371624633
