id;f1_distancia;f2_inequidad
0;611629.7800000006;0.1964711725186659
1;625555.3700000001;0.16321161418802088
2;625088.0700000001;0.16827506589728133
