id;f1_distancia;f2_inequidad
0;211769.65000000002;0.21404665898402206
1;210664.03000000003;0.22298480267099427
