id;f1_distancia;f2_inequidad
0;611629.7800000006;0.20039290934370502
1;614939.5500000006;0.16152001300027616
2;614515.8000000005;0.1875
