id;f1_distancia;f2_inequidad
0;265788.80999999994;0.4999728725279892
1;260059.56999999992;0.571280808493317
2;260614.2099999999;0.5272263886894847
