id;f1_distancia;f2_inequidad
0;217913.88000000015;0.23318447632722047
1;210279.77;0.3347625609625758
2;213820.51000000013;0.30000000000000004
3;216599.9500000001;0.23437268517375395
4;212154.27999999997;0.31685849452958587
