id;f1_distancia;f2_inequidad
0;265528.06999999995;0.5253966755382704
1;266473.98999999993;0.4928965901800409
