id;f1_distancia;f2_inequidad
0;609460.3300000005;0.15198023537078556
