id;f1_distancia;f2_inequidad
0;298655.6900000002;0.32123216552310985
1;264842.8899999999;0.5621140651346684
2;272282.02;0.4055482721473077
3;265788.80999999994;0.4943254382376947
4;267402.62999999995;0.45261585380000907
5;270668.19999999995;0.44509162407244246
