id;f1_distancia;f2_inequidad
0;211066.1799999999;0.3115541240655019
1;246905.99000000005;0.1946774397703945
2;217836.31000000017;0.28674417556808746
3;211862.06999999992;0.2955397604384222
4;216754.03000000017;0.29553976043842217
