id;f1_distancia;f2_inequidad
0;266225.1599999999;0.4749588797990833
1;267402.62999999995;0.47495887979908324
