id;f1_distancia;f2_inequidad
0;264973.42999999993;0.5525499207587994
1;266473.98999999993;0.49055201155602923
2;265528.06999999995;0.5257837651623841
