id;f1_distancia;f2_inequidad
0;267402.62999999995;0.3873823746205635
1;263795.39999999997;0.41218290632180365
