id;f1_distancia;f2_inequidad
0;609645.6400000006;0.21162359485283652
1;613187.3800000006;0.15698071326101656
2;611629.7800000006;0.20543124360624743
