id;f1_distancia;f2_inequidad
0;213372.32999999993;0.35197853469904783
1;223393.7000000001;0.22075470298249358
2;219192.50000000015;0.30204741165732396
