id;f1_distancia;f2_inequidad
0;223340.7600000001;0.21469455046647098
1;213434.53999999992;0.3360049189454754
2;219316.01999999996;0.2840371161192377
3;213824.44999999992;0.30751580808508394
4;220420.79000000015;0.24438130497691982
