id;f1_distancia;f2_inequidad
0;611629.7800000006;0.20084925587112434
1;615103.5400000006;0.16828640022295324
