id;f1_distancia;f2_inequidad
0;267402.62999999995;0.4928965901800409
1;272282.02;0.4755011519293209
