id;f1_distancia;f2_inequidad
0;649784.7200000004;0.17183060506189665
1;611629.7800000006;0.19199328029317686
2;614212.6500000006;0.1816196224416827
3;647173.1600000004;0.18015394621250322
