id;f1_distancia;f2_inequidad
0;301955.88;0.46163582929500707
1;267402.62999999995;0.49451746788325557
2;271999.85000000003;0.47183590713709883
3;278522.37000000005;0.4660512590280888
