id;f1_distancia;f2_inequidad
0;214378.38000000018;0.17194758568302793
1;208787.80000000002;0.2871979089215116
2;213320.07000000015;0.22263416678987577
3;214072.41000000018;0.2040816149376409
