id;f1_distancia;f2_inequidad
0;656474.5199999999;0.14127454156269628
1;604251.3000000005;0.17604147405068357
2;653206.8599999999;0.17079516969233755
3;628601.9500000001;0.17469281074217108
