id;f1_distancia;f2_inequidad
0;266456.70999999996;0.5127497697599569
1;267402.62999999995;0.5068968775248516
