id;f1_distancia;f2_inequidad
0;222608.7300000001;0.20611317010052738
1;208696.68999999997;0.37518513948301424
2;215642.13000000003;0.23452078799117157
3;210039.42000000007;0.2881936077631765
4;209158.28999999998;0.36398164636268243
5;210651.90000000005;0.2738612787525831
6;220038.2000000001;0.21011736138538292
