id;f1_distancia;f2_inequidad
0;648313.37;0.13765028629959103
1;595179.7400000007;0.20122875409495874
2;645566.7500000001;0.16516325301496207
3;599094.8200000005;0.16714916324480208
4;595235.8700000007;0.16896506838970443
