id;f1_distancia;f2_inequidad
0;611573.6500000006;0.17839848454263668
1;615135.2000000005;0.1498188196153524
2;611629.7800000006;0.15929647268831001
3;614596.5700000005;0.15467960838455727
