id;f1_distancia;f2_inequidad
0;248739.25000000003;0.18479530717947237
1;206105.21999999994;0.3200477394945253
2;248022.62000000005;0.26299556396765844
3;216972.10000000018;0.28792239502260936
4;248524.30000000002;0.18814703174792727
5;248153.54;0.23090251670829012
6;211066.1799999999;0.3020474116573239
7;207932.24999999994;0.31578825535827365
