id;f1_distancia;f2_inequidad
0;226660.46000000008;0.17795130420052188
1;210264.2700000001;0.2812422838447702
2;218513.19000000006;0.19561157657175846
3;225260.69000000006;0.18238390523532746
4;221322.13000000006;0.18984642916490863
5;220106.35000000006;0.19130400472081663
