id;f1_distancia;f2_inequidad
0;267402.62999999995;0.47769247865825426
1;266456.70999999996;0.5153882032022075
