id;f1_distancia;f2_inequidad
0;219148.7800000001;0.20395397084200698
1;209237.02000000002;0.3337497399083464
2;210107.7;0.29568658332016945
