id;f1_distancia;f2_inequidad
0;215028.4300000001;0.19144008346100247
1;208932.23999999996;0.31743328257901515
2;209470.75999999998;0.3023059524536176
