id;f1_distancia;f2_inequidad
0;210689.34999999995;0.2548147475236775
1;213434.53999999992;0.24234817698693104
