id;f1_distancia;f2_inequidad
0;263284.63;0.45536443738321675
1;276018.07;0.40581574012173993
2;275948.48000000004;0.4309718809305054
