id;f1_distancia;f2_inequidad
0;608627.1800000006;0.14315220470163043
1;655681.4000000003;0.13664897773212348
2;613681.5500000006;0.13809298183057447
