id;f1_distancia;f2_inequidad
0;611629.7800000006;0.20175885239930458
1;613561.3000000006;0.18137791822256094
