id;f1_distancia;f2_inequidad
0;611698.2100000005;0.15467960838455727
1;609869.0700000005;0.17742288983087132
