id;f1_distancia;f2_inequidad
0;609540.0400000004;0.14863011762504386
1;607511.6900000004;0.1877846147144049
2;607791.5000000003;0.1528811634783186
