id;f1_distancia;f2_inequidad
0;632857.5300000003;0.1686034519914628
1;609881.2400000006;0.21133498429256217
2;612809.3800000006;0.1781524101717403
3;611629.7800000006;0.2094857449654988
