id;f1_distancia;f2_inequidad
0;609902.7700000005;0.18403993322505954
1;656790.1399999999;0.15682268098551425
2;613397.6500000006;0.18355218944485516
