id;f1_distancia;f2_inequidad
0;611629.7800000006;0.19578068884596356
1;613458.9200000006;0.16755945773068137
