id;f1_distancia;f2_inequidad
0;620293.2600000007;0.14357793710538364
1;609727.8000000005;0.1793368691777694
2;611424.2900000006;0.16369005343560128
3;619646.5500000005;0.15388840315306412
