id;f1_distancia;f2_inequidad
0;282289.95999999996;0.4384909412468581
1;266123.26;0.47091513854232103
2;280758.64999999997;0.4658474953124562
