id;f1_distancia;f2_inequidad
0;267402.62999999995;0.5261190124655996
1;276879.24000000005;0.42129589883477386
2;271999.85000000003;0.45441029398306737
