id;f1_distancia;f2_inequidad
0;643612.0900000003;0.17719698979768075
1;609667.1600000005;0.208381138720877
2;611496.3000000005;0.18552631465033304
