id;f1_distancia;f2_inequidad
0;211405.60999999993;0.33163630514298165
1;222608.7300000001;0.22075470298249347
2;215358.08000000013;0.2778888666755511
