id;f1_distancia;f2_inequidad
0;265788.80999999994;0.4840949010926359
1;267402.62999999995;0.4394487847007886
