id;f1_distancia;f2_inequidad
0;210689.34999999995;0.29080229060690393
1;218808.8300000001;0.20509990790398286
2;210700.18;0.26532867458221626
3;216512.4000000001;0.22345146129653212
