id;f1_distancia;f2_inequidad
0;212435.8800000001;0.24094720491334934
1;202715.75999999998;0.3827667914888472
2;205409.23999999996;0.335720617974728
3;212171.06000000008;0.2661127058639295
