id;f1_distancia;f2_inequidad
0;611629.7800000006;0.17650674935638969
1;615577.8100000006;0.16120086157783867
