id;f1_distancia;f2_inequidad
0;207471.22999999995;0.3347625609625756
1;223293.1200000001;0.22325713874364703
2;217913.88000000015;0.2958039891549809
3;222508.1500000001;0.2335936048401631
