id;f1_distancia;f2_inequidad
0;610751.6100000006;0.2125140017216145
1;611576.6900000005;0.17258376589355096
