id;f1_distancia;f2_inequidad
0;616188.4400000005;0.18018570539233786
1;611540.7000000007;0.19223155935514172
