id;f1_distancia;f2_inequidad
0;306143.64000000013;0.3886058928150158
1;262788.47;0.5400366098058127
2;265348.20999999996;0.4870000552561002
3;304414.7100000001;0.4544998300176923
4;305597.46000000014;0.4175771302672384
5;263734.38999999996;0.5121939719779565
6;304960.8900000001;0.4389855730355307
7;264402.2899999999;0.5077256870238976
