id;f1_distancia;f2_inequidad
0;210390.16;0.3570714214271424
1;222979.1500000001;0.20509990790398294
2;219747.21000000017;0.2805933692888856
3;222508.1500000001;0.21011736138538295
4;214416.46000000017;0.2981423969999719
5;214269.2100000001;0.33476256096257556
6;212264.66999999998;0.34268141991586804
7;214401.95000000016;0.3026503299555812
