id;f1_distancia;f2_inequidad
0;213198.38999999993;0.3611084401610623
1;228480.04000000004;0.204081614937641
2;215028.4300000001;0.2891258376555096
3;221192.05000000013;0.273829580010796
