id;f1_distancia;f2_inequidad
0;260614.2099999999;0.5013003923131653
1;299395.0600000001;0.4365068091616035
2;262530.2499999999;0.49815196671743106
