id;f1_distancia;f2_inequidad
0;206697.7;0.2978802425285854
1;235152.8900000001;0.16067349570549047
2;227474.20000000007;0.1921642092933368
3;211804.67000000004;0.21404665898402211
4;229747.4700000001;0.1690968657308586
5;210861.77000000005;0.23537057070831005
6;207759.79000000007;0.2776075867519154
7;207640.60000000003;0.27885554802920215
