id;f1_distancia;f2_inequidad
0;605648.1400000006;0.21408780359115365
1;635020.96;0.1374977805218597
2;607533.4100000005;0.17025828767341805
3;605704.2700000006;0.1910072371624633
