id;f1_distancia;f2_inequidad
0;611629.7800000006;0.20054514023402406
1;612454.8600000006;0.16044181857744413
