id;f1_distancia;f2_inequidad
0;211477.31999999992;0.3662639834266475
1;214343.19000000012;0.2061131701005273
2;211488.14999999997;0.33970473290131753
