id;f1_distancia;f2_inequidad
0;210718.71000000005;0.2126225137028846
1;206027.51;0.30945741046045244
2;210587.41000000006;0.289995210688422
3;210611.57000000007;0.22530843057659636
