id;f1_distancia;f2_inequidad
0;604831.1900000005;0.16932591251322845
