id;f1_distancia;f2_inequidad
0;604091.3500000006;0.19184420559076054
1;619436.55;0.14852741931074334
2;611061.0800000007;0.1795175827043134
3;611493.6600000006;0.16973094517500337
4;618304.5400000002;0.15808251575398646
