id;f1_distancia;f2_inequidad
0;658456.0700000009;0.18582421706666089
1;609556.5600000006;0.20947663985868298
2;612111.2400000006;0.19770989575855674
3;633304.61;0.1899257153303628
