id;f1_distancia;f2_inequidad
0;266225.1599999999;0.47595732294386317
