id;f1_distancia;f2_inequidad
0;611573.6500000006;0.21875
1;612454.8600000006;0.1608692209529219
2;612398.7300000006;0.1897549142716319
3;611629.7800000006;0.19917087353635415
