id;f1_distancia;f2_inequidad
0;307026.50000000006;0.4492168629187417
1;262788.47;0.5388297102027897
2;294712.8500000001;0.4947642536265799
3;294953.3700000001;0.47344294322136765
4;301693.73000000004;0.4706846649503726
5;304112.62000000005;0.4662840228128726
6;304607.61000000004;0.45593001526489185
