id;f1_distancia;f2_inequidad
0;616769.3200000006;0.16896506838970443
1;607795.8500000006;0.19810503645478073
2;609845.6700000005;0.171875
