id;f1_distancia;f2_inequidad
0;279277.55999999994;0.42784484953985097
1;265528.06999999995;0.4947642536265799
2;267489.94999999995;0.4447562925043582
3;278426.66;0.43687952032314115
4;266473.98999999993;0.45536443738321664
