id;f1_distancia;f2_inequidad
0;260614.2099999999;0.5086064839889042
1;294744.3300000001;0.4124789556921527
2;262530.2499999999;0.48847392032055637
