id;f1_distancia;f2_inequidad
0;287489.97;0.3635028632586299
1;262549.57999999996;0.5727272414121364
2;272367.11000000004;0.41247895569215254
3;284639.69;0.3908332778073877
4;277639.52999999997;0.39086797998528583
5;267402.62999999995;0.41444721383495337
6;264163.39999999997;0.5347870406240642
7;264842.8899999999;0.4818482482846648
8;265788.80999999994;0.4467948646097744
9;266456.70999999996;0.44292274219727695
