id;f1_distancia;f2_inequidad
0;635711.63;0.15463027666319912
1;609881.2400000006;0.17183060506189665
2;634036.76;0.16787788239800233
3;611629.7800000006;0.1686034519914628
4;635168.77;0.15683484296784947
