id;f1_distancia;f2_inequidad
0;204989.00000000003;0.3197221015541813
1;217069.02000000016;0.22897719440056813
2;207317.13000000006;0.26246692913372704
