id;f1_distancia;f2_inequidad
0;264842.8899999999;0.5364330495659889
1;300506.17000000004;0.34845268090995263
2;265788.80999999994;0.498151966717431
3;290611.4100000001;0.37831291244447657
4;300265.65;0.364099381179095
5;290851.9300000001;0.3643972739523291
