id;f1_distancia;f2_inequidad
0;263723.37;0.5620899354072362
1;266042.79999999993;0.5092194718253723
