id;f1_distancia;f2_inequidad
0;267402.62999999995;0.3903123748998998
1;263795.39999999997;0.41663411331166816
