id;f1_distancia;f2_inequidad
0;290821.38000000006;0.38070743497030185
1;267152.93999999994;0.4297111735902772
2;288413.2800000001;0.4237676168084997
3;285712.09000000014;0.42644769771789004
