id;f1_distancia;f2_inequidad
0;211066.1799999999;0.32015621187164245
1;222501.6000000001;0.2392116682401221
2;216912.3300000001;0.29391986814247334
3;219192.50000000015;0.2783570349189848
4;221719.31000000008;0.24320630245854147
