id;f1_distancia;f2_inequidad
0;212067.34999999992;0.25573287930095256
