id;f1_distancia;f2_inequidad
0;218808.8300000001;0.22356797375493856
1;217591.20000000016;0.23801114586412872
2;217791.63000000018;0.23507534253227566
3;210510.82999999996;0.3108847142520126
