id;f1_distancia;f2_inequidad
0;611629.7800000006;0.19103719203399733
1;613036.8300000005;0.1840502967092148
