id;f1_distancia;f2_inequidad
0;212704.34000000014;0.2981423969999721
1;222608.7300000001;0.1790697412245359
2;217873.76000000015;0.2560381915956204
3;220904.69000000012;0.20000000000000004
4;215565.0600000001;0.27726341266023546
