id;f1_distancia;f2_inequidad
0;213916.99000000005;0.23180301742835216
1;205550.97999999995;0.3741425381975282
2;212096.25000000012;0.3058458217250429
3;206126.05000000005;0.33268165463898564
4;212350.24000000008;0.24033396902366236
5;205561.81000000003;0.34255474015111803
