id;f1_distancia;f2_inequidad
0;211560.0299999999;0.3843284185866735
1;212027.56000000014;0.25276251480171835
2;211935.86999999997;0.3534551676741416
