id;f1_distancia;f2_inequidad
0;603564.3300000004;0.18338585303602348
1;636946.1600000004;0.14040781840321429
2;610083.8500000004;0.15929647268831001
3;604971.3800000005;0.17150839808952323
4;606955.5200000005;0.16810495930742198
