id;f1_distancia;f2_inequidad
0;613397.6500000006;0.1494108710851975
1;611424.2400000006;0.18287550663698618
