id;f1_distancia;f2_inequidad
0;204306.37999999998;0.28124228384477007
1;217000.19000000006;0.1731549562931679
2;206011.31999999995;0.25735702611137096
3;205840.80999999997;0.2699987139887069
4;213443.52000000008;0.18214577495328665
