id;f1_distancia;f2_inequidad
0;635168.77;0.16714916324480208
1;611629.7800000006;0.20669932117692114
2;613458.9200000006;0.18337545200076366
