id;f1_distancia;f2_inequidad
0;611462.6000000007;0.1795175827043134
