id;f1_distancia;f2_inequidad
0;210476.76999999996;0.3148798271651512
1;211503.76000000013;0.2235679737549386
