id;f1_distancia;f2_inequidad
0;212570.95999999993;0.3806974593500139
1;220823.17000000013;0.20812489572903636
2;217913.88000000015;0.30547663122114965
3;213109.47999999992;0.3546320471825534
