id;f1_distancia;f2_inequidad
0;601895.9800000006;0.23476530002057375
1;614758.1100000006;0.1814515144593987
2;611629.7800000006;0.19396999543965396
