id;f1_distancia;f2_inequidad
0;223293.1200000001;0.2179051144165481
1;212435.8800000001;0.2477678124553085
