id;f1_distancia;f2_inequidad
0;611629.7800000006;0.20092521285819104
1;613260.7700000006;0.15087179519043437
2;612435.6900000006;0.19327057620082783
3;612454.8600000006;0.1623327715248449
