id;f1_distancia;f2_inequidad
0;206104.03999999995;0.3505699724100105
1;245401.6100000001;0.182526634281746
2;217390.08000000016;0.24776781245530852
3;242922.65000000005;0.19467743977039453
4;216088.00000000015;0.2702879123371143
