id;f1_distancia;f2_inequidad
0;624250.4900000007;0.13418409404154427
1;606955.2400000006;0.19654882143880786
2;608418.4200000006;0.14739301519317113
3;607011.3700000006;0.16494369008372978
