id;f1_distancia;f2_inequidad
0;611629.7800000006;0.19970643432826438
1;614533.6700000006;0.18420567900511203
