id;f1_distancia;f2_inequidad
0;227285.06000000014;0.19346977943739832
1;211255.21;0.273829580010796
2;215028.4300000001;0.24818787686392388
3;226818.02000000016;0.19843134832984424
