id;f1_distancia;f2_inequidad
0;266225.1599999999;0.473127706215657
1;277262.08;0.44068163544609457
