id;f1_distancia;f2_inequidad
0;266473.98999999993;0.4703675793698182
1;265528.06999999995;0.5
