id;f1_distancia;f2_inequidad
0;213179.30000000005;0.241522945769824
1;204497.22;0.28574342609333214
2;205129.81000000003;0.2668944339788466
3;211039.83000000005;0.25698573241848793
