id;f1_distancia;f2_inequidad
0;223160.8000000001;0.1964529205687714
1;208871.38999999998;0.26999871398870684
2;218224.13000000012;0.2406227452996819
3;220582.1400000001;0.23801114586412878
4;220802.79000000012;0.20476103958842692
5;221775.0700000001;0.19995659251169723
6;219196.4100000001;0.23946555075835027
