id;f1_distancia;f2_inequidad
0;210621.55999999994;0.41019981580796566
1;220312.3000000001;0.1977301752950779
2;213366.7499999999;0.3546320471825536
3;217741.7700000001;0.2217355782608345
4;210689.34999999995;0.3616128992291189
5;213434.53999999992;0.29427405971682624
6;214885.87999999995;0.27458933984325684
