id;f1_distancia;f2_inequidad
0;209736.59000000003;0.31088471425201253
1;223929.72;0.2491304321479458
2;215348.17999999993;0.2793842435706702
3;213256.01999999993;0.29107081994288303
