id;f1_distancia;f2_inequidad
0;210436.20999999993;0.33654700843847785
1;212113.20000000016;0.19034872967500704
2;210812.05;0.3134707145634004
