id;f1_distancia;f2_inequidad
0;609869.0700000005;0.19396999543965396
1;610694.1500000005;0.15289363899047598
