id;f1_distancia;f2_inequidad
0;212506.9900000001;0.26767387910581714
1;216671.0600000001;0.25300279972100453
