id;f1_distancia;f2_inequidad
0;222608.7300000001;0.22817969283488457
1;207898.57000000012;0.34751099103321736
2;213343.5100000001;0.2939198681424734
3;209250.14000000007;0.34638510200193207
4;211991.94000000015;0.29553976043842234
