id;f1_distancia;f2_inequidad
0;212433.3699999999;0.37358529444053623
1;239393.54000000007;0.23078970706877053
2;214542.56000000008;0.2757565351295715
3;212636.42999999988;0.36321768036995844
