id;f1_distancia;f2_inequidad
0;611629.7800000006;0.17468189210028146
1;659435.36;0.15103605413422816
2;632331.5099999999;0.1666463203726683
3;631199.5;0.16727463777679918
