id;f1_distancia;f2_inequidad
0;215911.5300000001;0.23392781412697006
1;219382.8400000001;0.20611317010052738
2;211214.59999999998;0.28133486373991307
