id;f1_distancia;f2_inequidad
0;211768.98999999993;0.3619967771495579
1;218795.11000000007;0.20509990790398283
2;216498.68000000008;0.21011736138538284
3;212015.96999999994;0.29860788111948194
4;212005.13999999993;0.32903478370666056
5;211779.81999999998;0.34480268109295326
