id;f1_distancia;f2_inequidad
0;611629.7800000006;0.18453672396093515
1;612454.8600000006;0.14610628288488314
