id;f1_distancia;f2_inequidad
0;611554.5000000005;0.13926205835918662
1;611335.1600000006;0.1807036485346934
