id;f1_distancia;f2_inequidad
0;214793.0100000001;0.1727534370135657
1;212519.58;0.31490739379485305
2;213537.75999999998;0.3068375882377444
