id;f1_distancia;f2_inequidad
0;611629.7800000006;0.1989409061275719
1;613586.2900000007;0.1735975472131951
