id;f1_distancia;f2_inequidad
0;611424.2400000006;0.21075657750337828
1;625288.2400000006;0.16114169009635396
2;615250.3200000005;0.1699892107961837
