id;f1_distancia;f2_inequidad
0;611629.7800000006;0.19578068884596356
1;612454.8600000006;0.15486446238238252
