id;f1_distancia;f2_inequidad
0;611091.9100000005;0.19631578254080687
1;655623.8399999999;0.17310241772281626
2;612921.0500000006;0.17590056714372576
