id;f1_distancia;f2_inequidad
0;608923.9000000006;0.21237035049998004
1;661022.4700000008;0.15574870757765336
2;612111.2400000006;0.18379103429468308
