id;f1_distancia;f2_inequidad
0;279277.55999999994;0.4515357667019426
1;267231.29999999993;0.4669816180506705
