id;f1_distancia;f2_inequidad
0;611629.7800000006;0.20054514023402406
1;613458.9200000006;0.1772830808946087
