id;f1_distancia;f2_inequidad
0;207531.85999999996;0.32403703492039293
1;218808.8300000001;0.21885909977781504
2;207542.69;0.2942740597168262
