id;f1_distancia;f2_inequidad
0;267231.29999999993;0.469443930801823
