id;f1_distancia;f2_inequidad
0;611629.7800000006;0.1543710264860585
1;601895.9800000006;0.1961602694695319
