id;f1_distancia;f2_inequidad
0;611629.7800000006;0.16968598928885525
1;612454.8600000006;0.16845632359452814
