id;f1_distancia;f2_inequidad
0;609645.6400000006;0.20357522219992785
1;655590.3299999998;0.17389394821157342
2;611474.7800000006;0.17569442300038296
3;613458.9200000006;0.1752922886912296
