id;f1_distancia;f2_inequidad
0;241826.9100000002;0.20577597041442905
1;208306.03999999995;0.36283509416201115
2;218199.22000000018;0.22484562605386743
3;228815.13000000003;0.222322026199235
4;217116.94000000018;0.2728132755811809
5;208345.63999999998;0.3497767144908306
6;209944.4;0.3068375882377444
7;213334.54000000012;0.28182810955143095
8;213257.24000000014;0.28428150172359484
9;210349.01;0.2955397604384223
10;208316.87;0.349975197533895
11;209955.23;0.2978802425285855
