id;f1_distancia;f2_inequidad
0;213198.38999999993;0.262466929133727
