id;f1_distancia;f2_inequidad
0;212067.34999999992;0.36628768293059843
1;215028.4300000001;0.2805933692888857
2;214763.6100000001;0.30810802578893604
3;212631.58999999994;0.3636237371545238
