id;f1_distancia;f2_inequidad
0;218301.7900000001;0.1913040047208166
1;206809.86999999997;0.32649230040266214
2;212741.9700000001;0.2668944339788466
3;213516.51000000007;0.21778557242286636
4;217829.3600000001;0.19982631347136331
5;212814.96000000008;0.26190408549696215
6;213443.65000000008;0.23139072294858037
