id;f1_distancia;f2_inequidad
0;615235.8600000006;0.1856907337052239
1;611424.2400000006;0.1870824615299611
