id;f1_distancia;f2_inequidad
0;267402.62999999995;0.4991040149190681
1;300124.88;0.46584749531245634
2;271999.85000000003;0.47183590713709883
