id;f1_distancia;f2_inequidad
0;213198.38999999993;0.3409290819054438
1;219493.22000000012;0.21980894481849972
2;215552.09000000014;0.25481474752367766
3;217196.7900000001;0.2374634474795835
