id;f1_distancia;f2_inequidad
0;239584.5600000002;0.21307112792575986
1;207800.03999999995;0.35859970719452633
2;224793.39000000013;0.2504163200219452
3;209801.61999999997;0.26896793489187515
4;208334.80999999994;0.2864715906023182
