id;f1_distancia;f2_inequidad
0;264842.8899999999;0.45452967144315465
1;265788.80999999994;0.41129347963332563
