id;f1_distancia;f2_inequidad
0;613217.0100000005;0.18137791822256094
1;611387.8700000006;0.20984053597222196
2;611629.7800000006;0.2094857449654988
