id;f1_distancia;f2_inequidad
0;629290.63;0.14635410874479873
1;605694.2800000006;0.20176830578351496
2;607101.3300000007;0.19103719203399733
