id;f1_distancia;f2_inequidad
0;206838.63999999996;0.36132472314464653
1;232238.97000000012;0.21980894481849958
2;207214.48000000004;0.32649230040266214
3;217678.46000000017;0.29709239116626496
4;230501.32000000012;0.229696357538962
5;222462.50000000006;0.25735702611137107
6;213514.39000000013;0.3009245014211299
7;220489.9400000001;0.2633913438213185
