id;f1_distancia;f2_inequidad
0;267402.62999999995;0.4358849156855766
1;267269.25999999995;0.48902894142939585
