id;f1_distancia;f2_inequidad
0;206185.50999999995;0.3194776552784595
1;220642.59000000005;0.20190069065976193
2;210437.24999999994;0.2803457686500726
