id;f1_distancia;f2_inequidad
0;266809.92999999993;0.4909941993745388
