id;f1_distancia;f2_inequidad
0;611629.7800000006;0.20024056272140361
1;623480.0400000006;0.1335000585205864
2;614758.1100000006;0.19855703523228377
