id;f1_distancia;f2_inequidad
0;640774.95;0.17719698979768075
1;611629.7800000006;0.20669932117692114
2;613458.9200000006;0.18337545200076366
