id;f1_distancia;f2_inequidad
0;258559.78999999992;0.5087931236842077
1;294085.26000000007;0.42695628191498325
2;263734.38999999996;0.4949561130236139
3;260475.82999999993;0.501733107449679
