id;f1_distancia;f2_inequidad
0;218296.96000000014;0.190348729675007
1;204009.6800000001;0.3175153102170385
2;205361.25000000006;0.3161179456398443
3;206289.85000000012;0.24996527536617738
4;211865.4100000001;0.2463271875642909
5;212194.6600000001;0.21011736138538278
6;213546.23000000004;0.20749832663314563
7;207641.42000000007;0.2477678124553085
