id;f1_distancia;f2_inequidad
0;612454.8600000006;0.12493894993530841
1;611629.7800000006;0.15623779249187558
