id;f1_distancia;f2_inequidad
0;628209.4600000002;0.18154609435347266
1;609460.3300000005;0.2130876381978419
2;615915.1800000002;0.1991421421332951
