id;f1_distancia;f2_inequidad
0;212570.95999999993;0.2978802425285854
1;231368.20000000007;0.233593604840163
2;221274.32000000012;0.2629625554248278
