id;f1_distancia;f2_inequidad
0;609846.7900000006;0.1853720393391355
1;636691.8900000007;0.16120086157783867
2;612750.6800000006;0.16321161418802088
