id;f1_distancia;f2_inequidad
0;611573.6500000006;0.19786419089140253
1;613458.9200000006;0.16962977767659007
2;611629.7800000006;0.18136740203654123
