id;f1_distancia;f2_inequidad
0;611629.7800000006;0.19542965236482795
1;613554.5600000005;0.14859161407507995
