id;f1_distancia;f2_inequidad
0;267402.62999999995;0.555487734575561
1;265228.22;0.5635599581134991
