id;f1_distancia;f2_inequidad
0;216955.80000000013;0.20258742968572035
1;209674.5;0.3282688176885929
2;216599.9500000001;0.30181741169124104
