id;f1_distancia;f2_inequidad
0;240188.14000000013;0.14994211846205488
1;213143.62999999992;0.34316237653138293
2;224259.96000000002;0.23318447632722045
3;213790.1600000001;0.26286350492645855
