id;f1_distancia;f2_inequidad
0;263628.23;0.6148481068072378
1;271999.85000000003;0.46605125902808875
2;267402.62999999995;0.4942979993412656
