id;f1_distancia;f2_inequidad
0;267402.62999999995;0.3391021002220423
1;266225.1599999999;0.36765816466068946
