id;f1_distancia;f2_inequidad
0;213434.53999999992;0.34510465401414425
1;222111.39000000013;0.22852182001336818
2;213445.36999999997;0.31180478223116176
