id;f1_distancia;f2_inequidad
0;263359.6099999999;0.4509045211048318
1;264860.1699999999;0.3818813079129866
2;263914.24999999994;0.42171421833327405
