id;f1_distancia;f2_inequidad
0;264842.8899999999;0.5720400490423143
1;306143.64000000013;0.44827989148645847
2;303102.69000000006;0.49319919171500387
3;265788.80999999994;0.5388297102027897
