id;f1_distancia;f2_inequidad
0;211851.71999999994;0.28963578661637945
1;223619.2700000001;0.2074983266331456
2;215028.4300000001;0.22715021950731693
3;212415.95999999996;0.2843120351538664
4;220506.43000000017;0.21602468994692872
