id;f1_distancia;f2_inequidad
0;611167.0200000006;0.17258376589355096
1;610341.9400000006;0.2030404721960855
