id;f1_distancia;f2_inequidad
0;267402.62999999995;0.4424018546996234
1;266225.1599999999;0.4448782605013046
