id;f1_distancia;f2_inequidad
0;600007.4800000007;0.14404214115228353
