id;f1_distancia;f2_inequidad
0;210872.90000000014;0.24309920243024707
1;210893.20000000013;0.2321398046197354
