id;f1_distancia;f2_inequidad
0;611335.1600000006;0.20127614106231642
1;623541.3700000001;0.16420194966393517
2;611540.7000000007;0.1988737822087165
