id;f1_distancia;f2_inequidad
0;258931.73999999993;0.49801581125892863
1;293807.1500000001;0.313150364907446
2;281634.35000000003;0.32808366141715867
3;260545.55999999994;0.4438710222294309
4;278597.00999999995;0.36975498644372595
5;267340.98999999993;0.41247895569215265
6;273068.48999999993;0.38808200021244077
7;262461.6;0.43046804106112224
8;276091.0299999999;0.37322351202805465
