id;f1_distancia;f2_inequidad
0;208176.67999999996;0.31817077001020827
1;225853.54000000007;0.19891197103800012
2;215640.3800000001;0.26375362030164107
3;208552.52000000002;0.2715375460021853
4;222710.7300000001;0.21011736138538278
5;210427.03;0.2649685515930775
6;223152.1200000001;0.19960899278339136
