id;f1_distancia;f2_inequidad
0;305674.65;0.4154931390662319
1;260614.2099999999;0.4827481640882289
2;302755.9600000001;0.4677071733467427
