id;f1_distancia;f2_inequidad
0;609229.0000000006;0.1497551509117779
