id;f1_distancia;f2_inequidad
0;214002.63000000006;0.168273504219239
1;206239.05999999997;0.3248931448269654
2;212435.8800000001;0.1727534370135657
