id;f1_distancia;f2_inequidad
0;608620.9000000005;0.21409671259444876
1;616093.4100000006;0.16227401278272924
2;614474.0800000002;0.18184002831730284
3;612012.0900000005;0.1897549142716319
4;610027.9500000005;0.2006972556557124
