id;f1_distancia;f2_inequidad
0;221710.0800000001;0.17554478694117426
1;203512.66000000012;0.2864715906023183
2;217173.26000000013;0.23713422125220335
3;207967.04000000015;0.2791044706835697
4;209583.4300000001;0.248292781923993
5;218341.77000000008;0.18925108248626285
6;208231.86000000016;0.2498610725094159
7;218189.7900000001;0.21598450304490732
