id;f1_distancia;f2_inequidad
0;611629.7800000006;0.2130876381978419
1;615135.2000000005;0.1660960283239789
2;614702.6200000005;0.16755945773068137
