id;f1_distancia;f2_inequidad
0;610157.4900000006;0.18659244878440118
