id;f1_distancia;f2_inequidad
0;204305.9700000001;0.25603819159562025
1;207661.6400000001;0.19346977943739818
2;205596.73000000013;0.2361437885884125
3;206370.8800000001;0.21015867021530807
