id;f1_distancia;f2_inequidad
0;209924.60999999993;0.31972210155418146
1;220542.6100000001;0.14947825928876748
2;216797.1300000001;0.16577888553398146
3;210300.44999999998;0.2846781808756455
