id;f1_distancia;f2_inequidad
0;241686.22000000023;0.22726483572157744
1;206084.47000000003;0.323366621997729
2;211858.22;0.23180301742835197
3;206856.31000000006;0.27975683885990854
