id;f1_distancia;f2_inequidad
0;616316.2500000007;0.18972475694657642
1;611629.7800000006;0.1991421421332951
