id;f1_distancia;f2_inequidad
0;221666.37000000008;0.2235679737549386
1;206944.69000000003;0.34115815817431205
2;214942.79000000012;0.24537386440559106
