id;f1_distancia;f2_inequidad
0;212613.65;0.3569741665100648
1;239346.17000000007;0.2216964265737172
2;221379.36000000013;0.2368411915187053
3;216342.36000000013;0.2745893398432569
