id;f1_distancia;f2_inequidad
0;231232.18999999994;0.18008485654145268
1;207860.28000000003;0.23507534253227555
2;217979.43000000014;0.19891197103800026
3;220081.34000000014;0.19786183450972952
