id;f1_distancia;f2_inequidad
0;623810.1800000006;0.1490018056465676
1;609331.2000000005;0.19872027096838912
2;618161.5100000006;0.17608480733726006
3;612498.9600000005;0.17650674935638969
4;610738.2500000005;0.18781508356688068
5;611091.9100000005;0.18582421706666089
