id;f1_distancia;f2_inequidad
0;290642.8900000001;0.32337836617240384
1;258559.78999999992;0.43870741127582213
2;290615.8800000001;0.3974405419367782
3;268307.6699999999;0.42206785715293066
