id;f1_distancia;f2_inequidad
0;605860.4700000007;0.17831293197349535
1;601174.0000000007;0.18337545200076366
