id;f1_distancia;f2_inequidad
0;611629.7800000006;0.2130876381978419
1;613554.5600000005;0.1658086945650299
