id;f1_distancia;f2_inequidad
0;219956.84000000008;0.2516266524480709
1;218746.74;0.28722813232690136
2;212717.79999999996;0.33281209246193083
3;219618.28999999998;0.2838231060987733
