id;f1_distancia;f2_inequidad
0;611629.7800000006;0.19396999543965396
1;655740.4999999999;0.17004530359124154
2;614758.1100000006;0.18270855418256796
3;653704.8099999999;0.17150839808952323
