id;f1_distancia;f2_inequidad
0;611629.7800000006;0.2024383677186945
1;626888.7800000006;0.15934435979977452
2;623480.0400000006;0.17218544406667335
3;616093.2500000005;0.1875
4;614758.1100000006;0.194833396752801
5;612964.9200000005;0.20127614106231642
