id;f1_distancia;f2_inequidad
0;609846.7900000006;0.16810495930742198
1;610706.4000000006;0.1608692209529219
