id;f1_distancia;f2_inequidad
0;611629.7800000006;0.19023678129894958
1;613458.9200000006;0.1712412855618042
