id;f1_distancia;f2_inequidad
0;611629.7800000006;0.204687127265882
1;612454.8600000006;0.17776656645285552
