id;f1_distancia;f2_inequidad
0;267402.62999999995;0.5558050654980875
1;302755.9600000001;0.47868522008785214
