id;f1_distancia;f2_inequidad
0;266473.98999999993;0.39514743204980535
1;265528.06999999995;0.4325112394172228
