id;f1_distancia;f2_inequidad
0;262028.05000000002;0.5420421374943506
1;265455.77999999997;0.44876373392787544
2;264439.81999999995;0.4809466486206599
3;263044.01;0.5203122393225907
