id;f1_distancia;f2_inequidad
0;266809.92999999993;0.4825233424837256
