id;f1_distancia;f2_inequidad
0;642028.7400000005;0.14740595518838442
1;607493.5800000005;0.19670402732337328
2;608318.6600000005;0.15780476466190746
