id;f1_distancia;f2_inequidad
0;213434.53999999992;0.2440614107601245
1;221666.37000000008;0.18911342863183705
