id;f1_distancia;f2_inequidad
0;213372.32999999993;0.35529232877855504
1;218906.06000000017;0.27534700329261297
