id;f1_distancia;f2_inequidad
0;210571.17999999993;0.34153961052205273
1;248042.24;0.1549529498482254
2;216524.0700000002;0.23150323971815168
