id;f1_distancia;f2_inequidad
0;281811.68;0.4370036867375631
1;267402.62999999995;0.4893616519394312
2;272282.02;0.46488569196870566
3;270668.19999999995;0.480410523233342
