id;f1_distancia;f2_inequidad
0;223264.32999999993;0.19418633662885076
1;207409.01999999996;0.3472111109333275
2;217913.88000000015;0.29365394410579426
3;216929.60000000012;0.30138568866708537
