id;f1_distancia;f2_inequidad
0;206035.86000000013;0.35502347340234663
1;219704.9700000001;0.19293061504650383
2;210513.84000000014;0.2971800333505303
3;218401.4800000001;0.2061552812808831
4;210501.07000000015;0.320481408717157
5;207201.57000000012;0.3484090826727813
