id;f1_distancia;f2_inequidad
0;290302.6200000001;0.4077163706412694
1;260614.2099999999;0.5017331074496789
2;262530.2499999999;0.4731277062156569
