id;f1_distancia;f2_inequidad
0;205505.03;0.27458933984325673
1;212130.81;0.16703085210689542
2;209395.68000000017;0.24022558842332634
