id;f1_distancia;f2_inequidad
0;619220.4400000005;0.17195266356139813
1;609645.6400000006;0.20386546227594407
2;611474.7800000006;0.18087245160609727
