id;f1_distancia;f2_inequidad
0;251830.52000000002;0.21694693411574695
1;209705.49;0.3204814087171568
2;219192.50000000015;0.2414870021807017
3;223280.31000000006;0.22715021950731687
4;220544.0700000001;0.23673121185569648
