id;f1_distancia;f2_inequidad
0;210755.06000000014;0.26269833776913537
1;209770.78000000012;0.2687419249432849
