id;f1_distancia;f2_inequidad
0;605855.3300000005;0.1890802548481398
1;656645.7;0.15574870757765336
2;637909.6800000009;0.1686034519914628
