id;f1_distancia;f2_inequidad
0;637050.9900000008;0.17026948998205757
1;611540.7000000007;0.17274946225382115
