id;f1_distancia;f2_inequidad
0;636575.0200000008;0.17026948998205757
1;601839.8500000006;0.2704002634803346
2;612454.8600000006;0.17660397742902054
3;602721.0600000006;0.22103128258429705
4;612398.7300000006;0.20705888671670042
5;611629.7800000006;0.2130876381978419
6;602664.9300000006;0.2457835346365527
7;601895.9800000006;0.2509746625657658
