id;f1_distancia;f2_inequidad
0;608841.6900000006;0.12597277731716483
1;655442.6700000004;0.10435976568275426
