id;f1_distancia;f2_inequidad
0;264350.5999999999;0.484990648177307
1;280575.1599999999;0.3410563654946853
2;265296.51999999996;0.43423259056447316
3;279277.55999999994;0.3472048606770615
