id;f1_distancia;f2_inequidad
0;211843.95999999993;0.3541176436659934
1;218808.8300000001;0.1790697412245359
2;216512.4000000001;0.19720265943665394
