id;f1_distancia;f2_inequidad
0;221379.36000000013;0.1790697412245359
1;210466.18000000014;0.3876343852996875
2;211510.19000000012;0.3312434485725298
3;217913.88000000015;0.28108791625871565
4;216929.60000000012;0.2871072196158702
