id;f1_distancia;f2_inequidad
0;609229.0000000006;0.1988737822087165
1;611864.0500000006;0.15466727692933102
2;610034.9100000006;0.18902981057788049
3;611058.1400000006;0.1686034519914628
