id;f1_distancia;f2_inequidad
0;265788.80999999994;0.5261190124655997
1;294085.26000000007;0.4174146931310237
2;267402.62999999995;0.5068968775248517
