id;f1_distancia;f2_inequidad
0;611540.7000000007;0.2094857449654988
1;629426.45;0.17934750442576558
2;628209.4600000002;0.2030404721960855
