id;f1_distancia;f2_inequidad
0;299773.4600000001;0.4703675793698183
1;264842.8899999999;0.5194774016579867
