id;f1_distancia;f2_inequidad
0;298186.7000000001;0.4251416736904692
1;258559.78999999992;0.503352476181232
2;294717.3200000001;0.4467948646097744
