id;f1_distancia;f2_inequidad
0;607717.9200000005;0.16682934768798924
1;609547.0600000004;0.1579859620630402
