id;f1_distancia;f2_inequidad
0;306143.64000000013;0.47826001180204153
1;266456.70999999996;0.5894167535581255
2;304562.3500000001;0.541566497148165
3;267402.62999999995;0.5591868088150665
