id;f1_distancia;f2_inequidad
0;267402.62999999995;0.5110540238348367
1;268418.58999999997;0.48049521437956766
