id;f1_distancia;f2_inequidad
0;611573.6500000006;0.20115291172758196
1;612454.8600000006;0.14442563708856368
2;612398.7300000006;0.1660960283239789
3;611629.7800000006;0.18797750070549502
