id;f1_distancia;f2_inequidad
0;209753.14000000013;0.27271780286589276
1;220040.5400000001;0.21110654234822349
2;217516.8900000001;0.22043990110685513
3;210843.10000000012;0.2488515286939851
