id;f1_distancia;f2_inequidad
0;212711.45000000007;0.31355377883581975
1;222608.7300000001;0.19891197103800026
2;219223.49000000017;0.2513505188642613
