id;f1_distancia;f2_inequidad
0;216049.70000000004;0.19786183450972944
1;210472.87000000008;0.2380111458641288
2;215577.27000000005;0.1989119710380002
