id;f1_distancia;f2_inequidad
0;265528.06999999995;0.5634396087499824
1;279277.55999999994;0.42235697776486036
2;267489.94999999995;0.5115845482420281
3;266473.98999999993;0.5358005676218428
