id;f1_distancia;f2_inequidad
0;212012.5899999999;0.3791208763559306
1;223393.7000000001;0.24968730444297738
2;215028.4300000001;0.290084997122491
3;221689.66000000012;0.27838821814150116
4;212443.18999999997;0.34758592063290217
