id;f1_distancia;f2_inequidad
0;258559.78999999992;0.48207338472880756
1;299450.0300000001;0.4264476977178901
2;260475.82999999993;0.4776924786582542
