id;f1_distancia;f2_inequidad
0;266473.98999999993;0.4521361336293897
1;265528.06999999995;0.4795062202701626
