id;f1_distancia;f2_inequidad
0;212570.95999999993;0.3599527360949243
1;220635.52000000002;0.22345146129653207
2;214038.74000000017;0.2820744090168803
3;217951.9300000001;0.22345146129653212
4;213176.92999999993;0.3550968177835448
