id;f1_distancia;f2_inequidad
0;220100.87999999998;0.19574466077577246
1;209235.68000000014;0.23975537301359665
2;217035.5300000001;0.2126225137028846
3;219008.09000000008;0.20408161493764104
