id;f1_distancia;f2_inequidad
0;609869.0700000005;0.18355218944485516
1;615171.3700000006;0.16787788239800233
