id;f1_distancia;f2_inequidad
0;656790.1399999999;0.15614009806775891
1;608003.2100000005;0.20054514023402406
2;608828.2900000005;0.16044181857744413
