id;f1_distancia;f2_inequidad
0;217296.23000000013;0.21586389744981035
1;209886.39999999997;0.2972092416687834
2;214999.80000000013;0.2371342212522033
