id;f1_distancia;f2_inequidad
0;611629.7800000006;0.20901175346362103
1;624666.7600000006;0.17464913207896998
2;613036.8300000005;0.19909424724765248
