id;f1_distancia;f2_inequidad
0;260173.60999999993;0.5102040373441024
1;294717.3200000001;0.4124789556921526
2;265348.20999999996;0.46324897126167486
3;264402.2899999999;0.48499064817730697
4;262089.64999999994;0.5
