id;f1_distancia;f2_inequidad
0;208932.23999999996;0.3102138599239061
1;215101.38000000006;0.17790251700174337
2;212350.55;0.2852873794770615
3;213749.8100000001;0.18689717910004838
