id;f1_distancia;f2_inequidad
0;211831.19999999992;0.324010245036926
1;223266.5200000001;0.19960899278339136
2;220506.43000000017;0.29927574613092567
3;222608.7300000001;0.21650635094610968
