id;f1_distancia;f2_inequidad
0;611309.8200000005;0.18116747852039422
1;609902.7700000005;0.18940278003751027
