id;f1_distancia;f2_inequidad
0;297619.23000000004;0.4276863121462063
1;261790.47999999995;0.5299207225823711
2;262014.12999999998;0.4544102939830676
