id;f1_distancia;f2_inequidad
0;226580.10999999993;0.220439901106855
1;215636.13;0.31155412406550204
2;216275.36000000002;0.29568658332016945
3;213372.32999999993;0.37358529444053623
4;216879.83;0.269644828122724
