id;f1_distancia;f2_inequidad
0;210014.31999999995;0.3303775197490828
1;221242.98000000007;0.24462982238476164
2;212457.25999999992;0.2596739408480482
3;211888.82999999993;0.28722813232690153
4;210582.74999999994;0.30954155168930425
