id;f1_distancia;f2_inequidad
0;260475.82999999993;0.5362054420104917
1;295268.0100000001;0.3640993811790951
2;289656.9500000002;0.41244607181154935
3;267402.62999999995;0.4854658415721269
4;264144.06999999995;0.5017060736875727
5;262089.64999999994;0.5166236121173928
