id;f1_distancia;f2_inequidad
0;211218.46999999994;0.30641293851417045
1;223340.7600000001;0.2216964265737172
2;211229.3;0.26964482812272383
