id;f1_distancia;f2_inequidad
0;212350.24000000008;0.19144008346100247
1;203308.28;0.3353843152100123
2;204946.64;0.29834613566571744
3;210619.22000000006;0.24309920243024707
4;211143.02000000008;0.19346977943739835
5;208408.01;0.2875905654456233
6;209234.44999999998;0.2778888666755511
7;204134.72;0.3307976471097297
