id;f1_distancia;f2_inequidad
0;611629.7800000006;0.1968591108419531
1;637522.3900000008;0.13113601821558218
2;613036.8300000005;0.188757178567962
