id;f1_distancia;f2_inequidad
0;262497.99;0.43650680916160345
1;260771.26000000007;0.5211457396395411
