id;f1_distancia;f2_inequidad
0;202719.21999999997;0.23801114586412875
