id;f1_distancia;f2_inequidad
0;609902.7700000005;0.18838293092026512
1;610727.8500000006;0.1488481162754504
