id;f1_distancia;f2_inequidad
0;611629.7800000006;0.18577288866276848
1;635168.77;0.17499825612970404
