id;f1_distancia;f2_inequidad
0;613397.6500000006;0.15891285630318744
1;609667.1600000005;0.19993552122242905
