id;f1_distancia;f2_inequidad
0;611629.7800000006;0.16932591251322845
1;614702.6200000005;0.13526007572797488
