id;f1_distancia;f2_inequidad
0;611629.7800000006;0.2024383677186945
1;631401.44;0.15097289876699518
2;612454.8600000006;0.16067940469689948
