id;f1_distancia;f2_inequidad
0;611629.7800000006;0.2094857449654988
1;635168.77;0.1738171520413046
2;625821.53;0.19228116365998388
