id;f1_distancia;f2_inequidad
0;216595.18000000008;0.19346977943739835
1;207974.96000000005;0.3569741665100648
2;211309.51;0.3162277660168378
3;215028.4300000001;0.1977301752950779
