id;f1_distancia;f2_inequidad
0;266225.1599999999;0.495832239144451
1;265279.23999999993;0.5378218916637532
