id;f1_distancia;f2_inequidad
0;600306.8800000006;0.24796996839256438
1;611869.8200000006;0.18379103429468308
2;610040.6800000005;0.2094857449654988
3;602136.0200000006;0.23013747377586619
