id;f1_distancia;f2_inequidad
0;240174.34000000017;0.22726483572157744
1;212488.58000000022;0.33970473290131753
2;228815.13000000003;0.2357022603955159
3;217864.04000000012;0.2730677062968492
4;214857.05000000025;0.2971800333505301
5;214384.08000000022;0.32360813064912664
