id;f1_distancia;f2_inequidad
0;208276.61999999994;0.33950024545891966
1;213770.1100000001;0.21694693411574695
2;208652.46;0.31620031449840286
3;213749.8100000001;0.2290908965648545
