id;f1_distancia;f2_inequidad
0;659592.9099999999;0.1426583678306652
1;609902.7700000005;0.18187149306649014
2;610727.8500000006;0.17429930872908675
