id;f1_distancia;f2_inequidad
0;608922.4600000005;0.1778845519384957
