id;f1_distancia;f2_inequidad
0;212005.13999999993;0.38942175793804273
1;214044.15000000008;0.2576604138956719
2;213688.63999999993;0.3762940634958545
