id;f1_distancia;f2_inequidad
0;211193.06000000008;0.18408935028645435
1;205732.09999999998;0.2852873794770615
2;210669.2600000001;0.2303379160180876
