id;f1_distancia;f2_inequidad
0;260037.44000000003;0.4100715024880146
