id;f1_distancia;f2_inequidad
0;304516.38000000006;0.42682919267808084
1;260614.2099999999;0.5214319476611178
2;267666.05999999994;0.47160588352458016
3;266720.1399999999;0.5017060736875725
4;262530.2499999999;0.503433307883091
