id;f1_distancia;f2_inequidad
0;611629.7800000006;0.20954946963571483
1;612454.8600000006;0.16955105011102115
