id;f1_distancia;f2_inequidad
0;202039.98999999993;0.2499652753661773
1;230477.25000000003;0.13169567191065923
2;212043.9600000002;0.2086664004258152
3;224221.90000000005;0.17751173670117326
4;203259.00999999992;0.2454799720275906
5;224906.96000000008;0.17514874630819746
6;228385.97000000006;0.14233909043782267
7;229071.0300000001;0.13686723088047367
8;229557.47000000003;0.13533651474093095
