id;f1_distancia;f2_inequidad
0;267402.62999999995;0.49997287252798905
1;266847.98999999993;0.5274321556555349
