id;f1_distancia;f2_inequidad
0;611629.7800000006;0.17673353165411904
1;612489.3900000006;0.17026948998205757
