id;f1_distancia;f2_inequidad
0;623480.0400000006;0.14384337999626537
1;610796.6300000006;0.15991788664420875
2;613442.1200000006;0.1573690396756538
