id;f1_distancia;f2_inequidad
0;264935.36999999994;0.49651563699220774
1;279347.14999999997;0.4133986423538422
2;270760.68;0.4583037395748952
3;279277.55999999994;0.41444721383495337
4;265881.29;0.46666201634587745
5;265208.04;0.4782600118020416
