id;f1_distancia;f2_inequidad
0;272282.02;0.4342325905644732
1;267402.62999999995;0.45916118417779567
