id;f1_distancia;f2_inequidad
0;214942.52000000008;0.20577597041442916
1;209731.56;0.31754264805429416
2;211847.54999999996;0.2645423196558329
3;211836.7199999999;0.2810879162587155
