id;f1_distancia;f2_inequidad
0;222824.19;0.20912350152216008
1;208258.77999999994;0.30810802578893587
2;210605.1200000001;0.22075470298249336
3;209172.88999999993;0.28855482821967976
4;212171.87000000008;0.21980894481849958
