id;f1_distancia;f2_inequidad
0;610588.1800000006;0.15967916746851324
