id;f1_distancia;f2_inequidad
0;613369.8400000005;0.1817875749662484
1;611540.7000000007;0.20587642244404622
