id;f1_distancia;f2_inequidad
0;213180.44999999995;0.352151127595336
1;222608.7300000001;0.23090251670829018
2;218957.08000000013;0.27028791233711436
