id;f1_distancia;f2_inequidad
0;208514.12999999995;0.2915178191618633
1;238470.4000000002;0.12332207155790625
2;208904.03999999995;0.27028791233711424
3;229394.09999999992;0.22360679774997896
4;230744.7199999999;0.213437474581095
5;237667.6200000002;0.1443375672974065
6;208542.89999999994;0.2912795049432761
