id;f1_distancia;f2_inequidad
0;207333.63999999993;0.34336468303475165
1;210596.41999999998;0.202029632040011
2;210585.58999999994;0.2207547029824935
3;207734.38000000003;0.31066125710597825
4;207344.47000000003;0.32593348844340747
5;207723.54999999996;0.3244386177178461
