id;f1_distancia;f2_inequidad
0;212435.8800000001;0.19144008346100247
