id;f1_distancia;f2_inequidad
0;611629.7800000006;0.19396999543965396
1;663233.98;0.1689989302561835
2;629678.5300000001;0.17534668505830814
3;660601.6599999999;0.17159734320017714
