id;f1_distancia;f2_inequidad
0;267402.62999999995;0.48274816408822896
1;271999.85000000003;0.4592497939726146
