id;f1_distancia;f2_inequidad
0;211907.7;0.21854156736572258
1;208299.03999999995;0.3681787005729086
2;210262.12000000005;0.2768561098396703
3;210393.42000000004;0.222322026199235
4;210286.28000000006;0.22817969283488448
