id;f1_distancia;f2_inequidad
0;206849.47000000003;0.3448026810929533
1;217296.23000000013;0.2126225137028846
2;214999.80000000013;0.23359360484016306
3;215206.29000000012;0.2306015683670286
