id;f1_distancia;f2_inequidad
0;258559.78999999992;0.5468253945756155
1;294744.3300000001;0.36883679534073344
2;291156.74000000017;0.4325112394172227
3;260475.82999999993;0.5047248545687486
4;260173.60999999993;0.5185104450222986
