id;f1_distancia;f2_inequidad
0;211888.82999999993;0.3171049598406742
1;224075.41000000012;0.2578961354240632
2;215120.72000000015;0.26532867458221615
3;223240.1800000001;0.2608745973749756
