id;f1_distancia;f2_inequidad
0;217543.5700000001;0.1624465724134828
1;212371.15999999992;0.29568658332016956
2;212381.98999999996;0.24137913929933738
3;215247.1400000001;0.20598678490513792
