id;f1_distancia;f2_inequidad
0;611629.7800000006;0.17742288983087132
1;613554.5600000005;0.12789613706050704
