id;f1_distancia;f2_inequidad
0;264611.33999999997;0.4540221004624481
