id;f1_distancia;f2_inequidad
0;212433.3699999999;0.3627633143279818
1;217105.8900000002;0.2460803843372233
2;212823.2799999999;0.33665016461206915
