id;f1_distancia;f2_inequidad
0;266456.70999999996;0.5771387984777434
1;305530.08000000013;0.37870708181844764
2;267402.62999999995;0.5501883752533208
