id;f1_distancia;f2_inequidad
0;211831.19999999992;0.35215112759533607
1;222164.33000000013;0.22730302828309765
2;217913.88000000015;0.2983461356657176
3;215883.18000000008;0.31222209865557077
