id;f1_distancia;f2_inequidad
0;203799.02000000002;0.22110831935702657
