id;f1_distancia;f2_inequidad
0;267402.62999999995;0.5666321987066312
1;271999.85000000003;0.4920152366091477
