id;f1_distancia;f2_inequidad
0;262788.47;0.5458323393756853
1;288078.8200000001;0.30618621784789724
2;265348.20999999996;0.49407843331184675
3;263734.38999999996;0.5045098263964297
