id;f1_distancia;f2_inequidad
0;212067.34999999992;0.3858612300930075
1;253120.94000000003;0.23060156836702866
2;215028.4300000001;0.2864715906023183
3;242879.90000000005;0.26964482812272406
4;212443.18999999997;0.3590109871423003
5;243501.75000000003;0.24234817698693126
6;249492.26;0.23359360484016314
7;252870.81000000003;0.23090251670829032
8;246990.29;0.2371342212522034
9;244287.27000000002;0.24062274529968194
10;247240.42;0.23537057070831013
11;248706.74000000002;0.23507534253227566
