id;f1_distancia;f2_inequidad
0;210247.7199999999;0.37407292812439064
1;222164.33000000013;0.22726483572157744
2;210258.54999999996;0.3535533905932737
3;217297.3700000001;0.24267032964268404
