id;f1_distancia;f2_inequidad
0;613679.4100000005;0.1793368691777694
1;596975.2400000006;0.19538084741629455
