id;f1_distancia;f2_inequidad
0;282674.0600000001;0.523327361961686
1;266042.79999999993;0.5507797108922545
2;280385.60000000003;0.5310457123554534
