id;f1_distancia;f2_inequidad
0;611540.7000000007;0.18911051495153403
1;659773.98;0.1555526430372026
2;614850.4700000007;0.15866060398176787
3;612010.6400000006;0.1834586437718577
