id;f1_distancia;f2_inequidad
0;611629.7800000006;0.1907274314958391
1;613458.9200000006;0.17061639673250745
