id;f1_distancia;f2_inequidad
0;209305.63999999998;0.29674156357941417
1;226102.30999999997;0.24664414311581237
2;215627.5200000001;0.27076922318133234
3;225834.53999999995;0.25152313787977615
4;209880.71000000005;0.2748737083745106
5;209316.47000000003;0.28528737947706156
6;209869.88;0.28284271247461884
