id;f1_distancia;f2_inequidad
0;656581.52;0.15535633105737717
1;611629.7800000006;0.19151583278931372
2;629426.45;0.1785694667163437
3;615246.1400000005;0.1795069575329446
4;613036.8300000005;0.18615238371006024
