id;f1_distancia;f2_inequidad
0;633001.7599999999;0.18944305707784595
1;609226.0500000006;0.2130876381978419
2;624842.7600000002;0.20617267430690076
3;627045.7400000002;0.2030404721960855
4;626643.8800000002;0.20311560975891138
