id;f1_distancia;f2_inequidad
0;609763.9200000006;0.2130876381978419
1;610589.0000000006;0.17258376589355096
