id;f1_distancia;f2_inequidad
0;611629.7800000006;0.21186680420634416
1;613458.9200000006;0.18781508356688068
