id;f1_distancia;f2_inequidad
0;205409.23999999996;0.3587933094260383
1;214002.63000000006;0.23078970706877053
2;211658.0900000001;0.30135688514155806
3;211912.0800000001;0.24438130497691982
4;211073.20999999996;0.33406170421379067
5;210508.96999999994;0.33901409344679984
6;207775.63999999993;0.3547054725010909
7;208339.87999999995;0.3533323506275642
8;205973.47999999998;0.3550968177835447
9;212435.8800000001;0.23790170706033667
10;213478.83000000007;0.23452078799117157
