id;f1_distancia;f2_inequidad
0;212005.13999999993;0.2327373340628157
