id;f1_distancia;f2_inequidad
0;625959.0100000006;0.15107393468177882
1;611540.7000000007;0.1958488728735996
2;612365.7800000006;0.16270832499733226
3;615921.0900000005;0.15990595914938371
