id;f1_distancia;f2_inequidad
0;605540.2900000005;0.16330507825534507
1;604133.2400000006;0.17537931478009136
