id;f1_distancia;f2_inequidad
0;611629.7800000006;0.16283722146167742
1;614212.6500000006;0.13526007572797488
2;613458.9200000006;0.15238130546710568
