id;f1_distancia;f2_inequidad
0;210822.96000000002;0.3426814199158681
1;220934.34000000008;0.1790697412245359
2;218475.73000000013;0.22897719440056816
3;212935.37000000002;0.34146335414246454
