id;f1_distancia;f2_inequidad
0;226595.44000000015;0.17984368212422702
1;205409.23999999996;0.2640496586292477
2;222243.34000000017;0.20064998546390847
