id;f1_distancia;f2_inequidad
0;266042.79999999993;0.4492168629187416
1;262777.44999999995;0.5331613899264774
2;265096.8799999999;0.4872228111535145
3;263723.37;0.5102837837228962
