id;f1_distancia;f2_inequidad
0;247759.46999999997;0.1739552145429009
1;209391.87000000017;0.27610258761715534
2;246629.09000000003;0.23240141278973908
3;213678.4600000001;0.23537057070831008
4;247250.94;0.20374105297329428
5;247137.62;0.2097865979195684
6;211604.94000000015;0.25603819159562036
7;212758.8100000001;0.24377670793850134
8;210685.29000000015;0.2687419249432851
9;210311.52000000016;0.2692259996525018
