id;f1_distancia;f2_inequidad
0;609763.9200000006;0.19993552122242905
1;619034.8900000006;0.15623779249187558
