id;f1_distancia;f2_inequidad
0;206964.98000000004;0.2470661180062266
