id;f1_distancia;f2_inequidad
0;212435.8800000001;0.23270003342405346
1;210934.7;0.3430864808373149
2;211806.25;0.3390140934467998
