id;f1_distancia;f2_inequidad
0;216852.35000000006;0.17480147469502536
1;208011.67999999993;0.2592724864350673
2;208703.61999999997;0.2470661180062264
3;211938.36999999994;0.2440614107601245
4;215348.4600000001;0.2121320343559643
5;213389.70999999993;0.23595991891279613
6;216067.3800000001;0.19293061504650386
