id;f1_distancia;f2_inequidad
0;258559.78999999992;0.47664076087820634
1;295312.5400000001;0.45833333333333337
2;260475.82999999993;0.47324236215002285
