id;f1_distancia;f2_inequidad
0;222608.7300000001;0.1632461502013312
1;213113.9500000001;0.3284802970583707
2;220466.31000000017;0.2589709872210056
3;220953.9500000001;0.20812489572903628
