id;f1_distancia;f2_inequidad
0;204384.8;0.2805933692888855
1;235420.55000000008;0.16308654825650779
2;212693.93000000008;0.22726483572157744
3;209882.95999999996;0.24324199198877375
