id;f1_distancia;f2_inequidad
0;228815.13000000003;0.26216910361232293
1;212435.8800000001;0.273829580010796
