id;f1_distancia;f2_inequidad
0;656543.4899999999;0.14414803503988313
1;609813.6900000005;0.17925176447767363
2;613123.4600000007;0.15914074005886858
3;655623.8399999999;0.1583718236350279
