id;f1_distancia;f2_inequidad
0;214002.63000000006;0.21980894481849964
1;206967.61999999994;0.3733993617205757
2;209832.52;0.33499585403736304
3;211912.0800000001;0.2516266524480708
4;206978.44999999998;0.3451801059672407
5;212435.8800000001;0.2306015683670286
