id;f1_distancia;f2_inequidad
0;660823.62;0.1583718236350279
1;609596.7400000006;0.1616262567623219
