id;f1_distancia;f2_inequidad
0;611629.7800000006;0.18602938905922903
1;655123.5600000002;0.16700075361801328
2;615711.1000000007;0.17311343598562765
