id;f1_distancia;f2_inequidad
0;219888.5100000001;0.22695906385660544
1;211301.8099999999;0.3418698582794336
2;215021.5500000001;0.248327740429189
3;214812.71000000014;0.2983461356657175
4;211380.42999999996;0.3108009366495253
5;217317.9800000001;0.2353705707083101
6;211369.59999999992;0.334995854037363
