id;f1_distancia;f2_inequidad
0;265528.06999999995;0.5310457123554535
1;271353.38;0.4782316511407185
2;266473.98999999993;0.4978251310561883
