id;f1_distancia;f2_inequidad
0;660823.62;0.17642027941887625
1;609763.9200000006;0.18610114581756174
