id;f1_distancia;f2_inequidad
0;612454.8600000006;0.16044181857744413
1;611629.7800000006;0.19475506389336678
