id;f1_distancia;f2_inequidad
0;267402.62999999995;0.46104783284022344
1;266456.70999999996;0.48902894142939596
