id;f1_distancia;f2_inequidad
0;260241.38000000003;0.5448623679425841
1;283319.07000000007;0.35216961467452007
2;262560.81;0.460105475528287
3;282360.1400000001;0.382413695328763
