id;f1_distancia;f2_inequidad
0;608580.5200000006;0.20024056272140361
1;622229.0100000007;0.14574029770451274
2;611491.0400000006;0.18354179783562755
3;611170.9700000007;0.19569298875945806
