id;f1_distancia;f2_inequidad
0;245448.58000000007;0.18925108248626282
1;212067.34999999992;0.36704525909242075
2;222508.1500000001;0.22356797375493856
3;213749.8100000001;0.2971800333505303
4;212443.18999999997;0.3335155751818629
5;212078.17999999996;0.35580503400348645
