id;f1_distancia;f2_inequidad
0;222608.7300000001;0.18366447367111827
1;208351.10000000015;0.3102138599239061
2;220904.69000000012;0.213437474581095
3;209702.6700000001;0.3077697552103231
4;212444.47000000012;0.232401412789739
5;213796.04000000007;0.22852182001336813
