id;f1_distancia;f2_inequidad
0;611629.7800000006;0.19055734903562332
1;631103.0500000002;0.15914074005886858
2;615135.2000000005;0.1834586437718577
