id;f1_distancia;f2_inequidad
0;604212.8400000005;0.18911051495153403
1;607522.6100000005;0.15866060398176787
