id;f1_distancia;f2_inequidad
0;611629.7800000006;0.19924747035623658
1;625959.0100000006;0.13882309096810047
2;612454.8600000006;0.16294260636417351
