id;f1_distancia;f2_inequidad
0;608747.3300000005;0.1907274314958391
1;609572.4100000006;0.14759991898366467
