id;f1_distancia;f2_inequidad
0;598932.4000000007;0.18170361810922855
1;655681.4000000003;0.1276573018622515
2;599757.4800000007;0.14574029770451274
