id;f1_distancia;f2_inequidad
0;607717.9200000005;0.20417397414643718
1;615532.7200000004;0.17327862585366488
2;610846.2500000005;0.19855703523228377
3;612404.3900000005;0.1838429160273452
