id;f1_distancia;f2_inequidad
0;612454.8600000006;0.17258376589355096
1;611629.7800000006;0.2030404721960855
