id;f1_distancia;f2_inequidad
0;212581.78999999998;0.32776600732161887
1;221666.37000000008;0.23150323971815182
2;219283.54;0.2850134012443782
3;214632.91;0.3059309562630103
4;216599.9500000001;0.30204741165732396
