id;f1_distancia;f2_inequidad
0;658457.51;0.1465234322930551
1;608980.7600000006;0.20513392098117117
2;611487.6100000006;0.1514899955442603
3;610662.5300000005;0.18838293092026512
4;611431.4800000006;0.16787788239800233
5;609036.8900000006;0.19824940334773866
