id;f1_distancia;f2_inequidad
0;659807.49;0.1304798601182741
1;607552.7400000005;0.15502449088269085
2;610438.7600000005;0.14404214115228353
