id;f1_distancia;f2_inequidad
0;221350.80000000016;0.21404665898402211
1;209237.40000000002;0.33289033062289763
2;212200.46000000008;0.25135051886426135
3;220823.17000000013;0.22075470298249353
4;211982.58999999997;0.2985788096224437
