id;f1_distancia;f2_inequidad
0;210689.34999999995;0.3353843152100122
1;220823.17000000013;0.2377191970932654
2;218526.7400000001;0.2533114025595112
