id;f1_distancia;f2_inequidad
0;260614.2099999999;0.5558050654980877
1;267409.6399999999;0.44387102222943114
2;265493.5999999999;0.5055840527301075
3;262530.2499999999;0.5115845482420283
