id;f1_distancia;f2_inequidad
0;611629.7800000006;0.19542965236482795
1;613458.9200000006;0.18362491424330027
