id;f1_distancia;f2_inequidad
0;212508.74999999994;0.34641016151377524
1;223240.1800000001;0.2020296320400111
2;215028.4300000001;0.23496453633119474
