id;f1_distancia;f2_inequidad
0;264703.81999999995;0.4725253061271487
1;281673.8399999999;0.41663411331166805
2;265719.77999999997;0.4388619673529354
3;281604.24999999994;0.4308774558322172
