id;f1_distancia;f2_inequidad
0;658601.8900000002;0.14383011948644267
1;610127.3900000006;0.1583838666618226
