id;f1_distancia;f2_inequidad
0;264144.06999999995;0.4986690184185856
1;301919.94000000006;0.4248863716565223
2;267402.62999999995;0.461988267948681
