id;f1_distancia;f2_inequidad
0;265747.92;0.42258171259467
1;280849.61999999994;0.33133351934518585
2;266763.88;0.409839907768875
3;279368.52999999997;0.340060694643863
