id;f1_distancia;f2_inequidad
0;210136.10999999993;0.24491353349475986
1;221379.36000000013;0.19034872967500704
2;218808.8300000001;0.1932453104217539
