id;f1_distancia;f2_inequidad
0;203563.0200000001;0.3381937314617171
1;221278.78000000012;0.18708286933869714
2;204914.59000000005;0.3366243785322481
3;205926.31000000008;0.2738612787525831
4;217683.27000000014;0.20138409955990963
5;207277.88000000003;0.2715375460021853
6;210391.5200000001;0.22730302828309767
7;211743.09000000005;0.22449789655040328
