id;f1_distancia;f2_inequidad
0;264643.02999999997;0.4171546621491575
1;263029.2099999999;0.46605125902808875
