id;f1_distancia;f2_inequidad
0;261359.08999999994;0.4545296714431548
1;303677.83000000013;0.31796437769994157
2;264617.64999999997;0.40901171327631
3;279144.82999999996;0.3783129124444765
4;299823.3900000001;0.34343419837155287
5;279075.24;0.39842898956052647
6;302495.0800000001;0.3293627448700495
7;301006.14000000013;0.33653249956562725
