id;f1_distancia;f2_inequidad
0;634797.08;0.17319054419802882
1;611002.8300000005;0.19127666212742572
