id;f1_distancia;f2_inequidad
0;611629.7800000006;0.15198023537078556
1;613458.9200000006;0.13984975109330505
