id;f1_distancia;f2_inequidad
0;635205.88;0.16038236705482736
1;610706.3200000005;0.17638784226368182
2;635168.77;0.169269581325498
3;612454.8600000006;0.17147503177849976
