id;f1_distancia;f2_inequidad
0;629278.6399999999;0.16714916324480208
1;611629.7800000006;0.2006972556557124
2;615711.1000000007;0.18111483038975404
