id;f1_distancia;f2_inequidad
0;211966.17999999993;0.355292328778555
1;223293.1200000001;0.24206145913796367
2;219204.35000000015;0.25300279972100453
3;212356.08999999994;0.3481847769344444
