id;f1_distancia;f2_inequidad
0;213573.38000000003;0.168273504219239
1;203433.38;0.3794870441354574
2;212171.06000000008;0.205986784905138
3;207500.5700000001;0.2612735901098481
4;206247.65000000005;0.28418988174966564
5;205862.21000000008;0.3287180487219336
6;212435.8800000001;0.1727534370135657
7;204609.29;0.34510465401414425
8;205071.74000000002;0.3376542857223446
