id;f1_distancia;f2_inequidad
0;210201.61000000002;0.2924988129130707
1;220934.34000000008;0.16562172428626493
2;219230.3000000001;0.19324531042175386
3;212106.6300000001;0.23684119151870528
4;210755.06000000014;0.23921166824012213
