id;f1_distancia;f2_inequidad
0;656790.1399999999;0.1583718236350279
1;609779.9900000006;0.17168624223124104
2;613089.7600000006;0.16227401278272924
