id;f1_distancia;f2_inequidad
0;217531.85000000012;0.18465433171800297
1;209188.24999999994;0.3880148908940938
2;212405.80000000013;0.253277131923819
3;214702.23000000013;0.18911342863183705
4;209644.24999999997;0.32012909722311844
5;213760.92000000013;0.21949278651776555
6;209633.41999999993;0.351163739902374
7;209199.08;0.371160904011544
