id;f1_distancia;f2_inequidad
0;266303.99999999994;0.4496092053105675
1;267402.62999999995;0.4334822961110023
