id;f1_distancia;f2_inequidad
0;267402.62999999995;0.46955948623269356
1;268418.58999999997;0.4438710222294309
