id;f1_distancia;f2_inequidad
0;218263.23000000007;0.16409473889596018
1;207847.07000000004;0.31066125710597814
2;212435.8800000001;0.235702260395516
