id;f1_distancia;f2_inequidad
0;265296.51999999996;0.4408354993645589
