id;f1_distancia;f2_inequidad
0;608949.7800000005;0.17258376589355096
1;608124.7000000005;0.2020611413260461
