id;f1_distancia;f2_inequidad
0;208823.01999999996;0.3256403947096653
1;213395.18000000017;0.2443813049769197
2;212922.21000000014;0.26140645235596877
