id;f1_distancia;f2_inequidad
0;210443.62;0.3122220986555705
1;226717.42;0.21949278651776546
2;223350.42000000004;0.25317429218272197
3;216514.3100000001;0.2876811023801646
4;212318.12999999995;0.30402393911591163
5;215990.5100000001;0.2950694362725869
6;226276.03;0.22909089656485465
7;223791.81000000006;0.24537386440559103
