id;f1_distancia;f2_inequidad
0;304960.8900000001;0.42360755349143614
1;264842.8899999999;0.4914359893182652
2;301373.30000000016;0.480071609241788
3;301506.6600000001;0.475957322943863
