id;f1_distancia;f2_inequidad
0;607638.3200000006;0.16219171478145855
1;607582.1900000006;0.2120107966138974
