id;f1_distancia;f2_inequidad
0;212067.34999999992;0.3718385252887184
1;228016.86000000002;0.1941863366288507
2;216599.9500000001;0.2856522750167102
