id;f1_distancia;f2_inequidad
0;623551.6800000002;0.16170884254072
1;602500.7700000005;0.17399263633843817
2;621750.5600000002;0.16345684338209124
