id;f1_distancia;f2_inequidad
0;213434.53999999992;0.3821539829266033
1;220271.01000000015;0.26299556396765844
2;218475.73000000013;0.3108009366495252
3;215046.97000000018;0.3694731609557948
