id;f1_distancia;f2_inequidad
0;265528.06999999995;0.423351326307254
1;266473.98999999993;0.3829807595072861
