id;f1_distancia;f2_inequidad
0;207939.36;0.3421490497169648
1;220545.7000000001;0.18998355191963337
2;214737.43000000008;0.2327373340628158
3;219604.39000000007;0.21307112792576005
4;215678.7400000001;0.21343747458109505
