id;f1_distancia;f2_inequidad
0;615235.8600000006;0.15605456527686076
1;607100.4500000007;0.15891285630318744
