id;f1_distancia;f2_inequidad
0;629433.7300000001;0.17913467949684533
1;605923.0900000005;0.2030404721960855
2;628201.3100000002;0.18810936137241416
