id;f1_distancia;f2_inequidad
0;606003.7900000005;0.16755945773068137
