id;f1_distancia;f2_inequidad
0;213434.53999999992;0.28574342609333203
1;213455.5499999999;0.22909089656485454
