id;f1_distancia;f2_inequidad
0;212415.8700000001;0.36016971308290485
1;226487.89000000013;0.2244978965504032
2;220506.43000000017;0.27509468067073456
3;214290.3800000001;0.32784544969983764
4;219522.15000000017;0.3011263577525776
