id;f1_distancia;f2_inequidad
0;218621.49000000014;0.1831438414652993
1;206786.22999999995;0.27382958001079594
2;216018.26000000015;0.23392781412697009
3;216050.96000000017;0.19507833184532714
