id;f1_distancia;f2_inequidad
0;604920.2700000006;0.1664516333360366
1;634036.76;0.1659121920437133
