id;f1_distancia;f2_inequidad
0;208655.1;0.28864506270196644
1;217866.47000000012;0.18328597873268979
2;209375.0;0.2449489742783178
3;215570.04000000012;0.2074983266331456
