id;f1_distancia;f2_inequidad
0;613217.0100000005;0.1795175827043134
1;611387.8700000006;0.2118037767457181
2;611629.7800000006;0.20954946963571483
