id;f1_distancia;f2_inequidad
0;611629.7800000006;0.1943629260468271
1;618869.8100000002;0.17742288983087132
2;613036.8300000005;0.18615238371006024
