id;f1_distancia;f2_inequidad
0;658500.81;0.14276528811386321
1;611267.8800000006;0.18582421706666089
2;625832.8000000002;0.17604147405068357
3;611540.7000000007;0.18116747852039422
4;625459.9200000002;0.17814170357536827
