id;f1_distancia;f2_inequidad
0;266473.98999999993;0.47461607291227165
1;265528.06999999995;0.5010568258275038
