id;f1_distancia;f2_inequidad
0;265369.51999999996;0.45640574776970355
1;273201.64999999997;0.37956566689587606
2;266385.48;0.44292274219727706
