id;f1_distancia;f2_inequidad
0;210846.72999999992;0.30819253542045577
1;247346.39000000004;0.20190069065976204
2;217282.23000000019;0.28418988174966553
3;216718.1100000002;0.2929732638541157
