id;f1_distancia;f2_inequidad
0;611629.7800000006;0.17659317695337035
1;613036.8300000005;0.16294260636417351
