id;f1_distancia;f2_inequidad
0;267402.62999999995;0.49815196671743106
1;280758.64999999997;0.4694439308018229
2;279277.55999999994;0.4823265376162593
