id;f1_distancia;f2_inequidad
0;221379.36000000013;0.22418835087191014
1;210060.06;0.3763632627602693
2;213656.75999999998;0.2660148283252061
3;210521.66;0.34156502553198653
4;212805.24999999997;0.3050500869620521
5;213266.84999999995;0.2668944339788465
6;213195.15999999995;0.29904361443330185
