id;f1_distancia;f2_inequidad
0;219593.80000000013;0.22263416678987588
1;208746.53;0.32274861218395134
2;209022.94000000003;0.2856522750167102
3;217297.3700000001;0.24094720491334948
