id;f1_distancia;f2_inequidad
0;217913.88000000015;0.19360433592481574
1;212801.57999999996;0.346385102001932
2;213177.42;0.30954155168930414
