id;f1_distancia;f2_inequidad
0;265788.80999999994;0.4949561130236139
1;262530.2499999999;0.501733107449679
