id;f1_distancia;f2_inequidad
0;611629.7800000006;0.1924695434256661
1;612774.9300000005;0.15780476466190746
2;612454.8600000006;0.1707616640187062
3;611949.8500000006;0.18667420689930458
