id;f1_distancia;f2_inequidad
0;267402.62999999995;0.48139765952611585
1;264842.8899999999;0.5343810915832133
2;265788.80999999994;0.4986690184185854
