id;f1_distancia;f2_inequidad
0;279277.55999999994;0.3903123748998998
1;266225.1599999999;0.44655194227858613
2;271006.57999999996;0.42309494395138103
3;267402.62999999995;0.4297111735902772
