id;f1_distancia;f2_inequidad
0;609499.5800000005;0.2130876381978419
1;616569.1800000006;0.18351061947728664
2;611328.7200000006;0.18773382230463795
