id;f1_distancia;f2_inequidad
0;207680.18999999997;0.34678583688880166
1;214002.63000000006;0.1795054935711502
2;211098.5;0.3256403947096652
3;211658.0900000001;0.29080229060690416
4;211912.0800000001;0.21969043877440123
5;212435.8800000001;0.18633899812498259
