id;f1_distancia;f2_inequidad
0;222608.7300000001;0.21501776412401122
1;208731.57999999996;0.29249881291307067
2;216671.93000000014;0.2244978965504033
3;214375.50000000012;0.24944382578492957
4;209345.75;0.2675765726333719
5;220038.2000000001;0.22138296381308728
