id;f1_distancia;f2_inequidad
0;266456.70999999996;0.5383512316426061
1;294085.26000000007;0.40901171327630986
2;267402.62999999995;0.5098849271050173
