id;f1_distancia;f2_inequidad
0;220987.57000000007;0.2198089448184997
1;208441.44999999998;0.30181741169124104
2;209049.02999999997;0.25327713192381895
3;219813.59000000008;0.2229848026709943
4;208470.21999999997;0.2964781704536703
5;209020.25999999998;0.26057495189590957
