id;f1_distancia;f2_inequidad
0;625288.2400000006;0.12973220238605948
1;610755.3600000006;0.19008632907181935
2;615250.3200000005;0.13441133229754104
