id;f1_distancia;f2_inequidad
0;208402.33999999997;0.36796644623600605
1;219072.4900000001;0.18925108248626282
2;214383.03000000012;0.2074983266331456
3;209340.80999999997;0.2738295800107959
4;211215.31999999998;0.257357026111371
5;209273.01999999996;0.31729652272493214
6;208470.12999999998;0.33330729064933456
7;212086.6000000001;0.22075470298249344
8;214110.4500000001;0.21650635094610965
9;211814.02000000014;0.23150323971815168
