id;f1_distancia;f2_inequidad
0;208221.88000000006;0.25481474752367755
1;219632.0300000001;0.17790251700174334
2;212125.0900000001;0.2248456260538675
