id;f1_distancia;f2_inequidad
0;604755.8700000006;0.1795175827043134
