id;f1_distancia;f2_inequidad
0;266225.1599999999;0.4978251310561884
1;265538.49;0.5049397911715151
