id;f1_distancia;f2_inequidad
0;613217.0100000005;0.15541770518810752
1;611387.8700000006;0.18940278003751027
