id;f1_distancia;f2_inequidad
0;607661.7900000005;0.2125229766989913
1;614212.6500000006;0.16114169009635396
2;609547.0600000004;0.17052693997095994
3;607717.9200000005;0.18959401977379026
