id;f1_distancia;f2_inequidad
0;253085.76000000004;0.20598678490513797
1;210306.22999999992;0.36033838263498935
2;215804.5200000001;0.2727178028658927
3;211120.6300000001;0.31611794563984413
4;214409.65000000008;0.2835477130141513
5;212535.14000000007;0.30720514318611253
6;212210.59000000008;0.31155412406550176
