id;f1_distancia;f2_inequidad
0;218847.06000000008;0.19202864369671524
1;208555.53;0.31224989991991986
2;212350.24000000008;0.23859397170367358
3;208628.57000000004;0.27373446176094735
