id;f1_distancia;f2_inequidad
0;219833.42000000007;0.2057759704144291
1;208403.81999999995;0.32231799343022854
2;208414.65;0.2718251071716681
