id;f1_distancia;f2_inequidad
0;212439.33000000007;0.22726483572157738
1;211909.59999999995;0.30479387388127654
2;212415.17000000007;0.26689443397884655
