id;f1_distancia;f2_inequidad
0;209334.91999999995;0.3755551446414583
1;221633.4600000001;0.22325713874364705
2;212148.14000000004;0.2761025876171553
3;219106.86000000013;0.25897098722100564
4;209345.75;0.3472111109333275
