id;f1_distancia;f2_inequidad
0;258559.78999999992;0.5310457123554535
1;294721.83000000013;0.39308254716902513
2;265348.20999999996;0.48758457243618547
3;293539.0800000001;0.40824829046386296
4;264402.2899999999;0.5087931236842075
5;260173.60999999993;0.5149669622628449
6;262089.64999999994;0.5119820807818051
