id;f1_distancia;f2_inequidad
0;609902.7700000005;0.1583838666618226
1;657821.9400000003;0.13919356095778776
2;613031.1000000004;0.14315220470163043
