id;f1_distancia;f2_inequidad
0;660823.62;0.14776781499513858
1;611629.7800000006;0.1943629260468271
2;614939.5500000006;0.15923659354749264
