id;f1_distancia;f2_inequidad
0;279277.55999999994;0.42581111324936866
1;276293.38999999996;0.42898458920779164
2;265356.73999999993;0.4755011519293209
