id;f1_distancia;f2_inequidad
0;265528.06999999995;0.5464532103585
1;266473.98999999993;0.5110540238348367
