id;f1_distancia;f2_inequidad
0;207970.67000000007;0.2886751345948129
1;221379.36000000013;0.18008485654145268
2;213787.45000000004;0.24406141076012458
3;209322.24000000002;0.28792239502260947
4;212435.8800000001;0.24494897427831788
