id;f1_distancia;f2_inequidad
0;611629.7800000006;0.18911051495153403
1;613036.8300000005;0.18204969058954756
