id;f1_distancia;f2_inequidad
0;229969.67000000013;0.19960899278339148
1;213126.01999999996;0.3077697552103231
2;223340.7600000001;0.23180301742835216
3;215726.1000000001;0.29223159575164975
4;213569.65;0.3009245014211298
