id;f1_distancia;f2_inequidad
0;611629.7800000006;0.179814832601311
1;658457.51;0.15208060205524035
2;612454.8600000006;0.17115215541363882
