id;f1_distancia;f2_inequidad
0;220823.17000000013;0.21209110987707364
1;209836.6;0.26718699236469
2;214934.8100000001;0.23629078131263045
