id;f1_distancia;f2_inequidad
0;215368.95;0.1615355997915011
1;208706.37;0.29647817045367014
2;213161.30000000013;0.20548046676563264
3;215019.40000000005;0.2027159342528358
