id;f1_distancia;f2_inequidad
0;611629.7800000006;0.2084268995617828
1;660823.62;0.14687448055094315
2;645566.7500000001;0.18667420689930458
3;625908.7900000003;0.20157915386626044
4;635133.86;0.19686879950553363
