id;f1_distancia;f2_inequidad
0;625959.0100000006;0.16076247688627274
1;610796.6300000006;0.1881397776328397
2;625337.5300000006;0.16828640022295324
