id;f1_distancia;f2_inequidad
0;207905.51999999996;0.3793268892247013
1;219704.9700000001;0.20749832663314563
2;217408.54000000007;0.22634628092568462
3;210661.53999999998;0.2745893398432566
4;208787.03;0.29151781916186326
5;208776.19999999995;0.32529367073803045
6;207916.35;0.34630991258633576
