id;f1_distancia;f2_inequidad
0;219539.5500000001;0.20138409955990946
1;208244.02000000005;0.25162665244807086
2;214871.86000000004;0.23975537301359678
3;212105.60000000003;0.25079733961020323
