id;f1_distancia;f2_inequidad
0;294961.2800000001;0.3701949092482678
1;262228.0299999999;0.5237159810617245
2;284568.28000000014;0.3907291527814802
3;269514.63;0.48364640543077675
4;290682.6000000001;0.38804704889069547
5;264144.06999999995;0.5038641912895666
6;267402.62999999995;0.4849067421794743
7;294720.76000000007;0.3703048082886133
