id;f1_distancia;f2_inequidad
0;660823.62;0.16989942380415649
1;609763.9200000006;0.19396999543965396
2;645566.7500000001;0.19318173658399848
