id;f1_distancia;f2_inequidad
0;611629.7800000006;0.18136740203654123
1;617171.6900000005;0.14180010326903636
2;612435.6900000006;0.17394878186103374
3;613842.8900000006;0.16608454451794838
4;615680.6400000007;0.1645152792284333
