id;f1_distancia;f2_inequidad
0;222164.33000000013;0.22220486043288978
1;213019.8699999999;0.3611084401610623
2;213749.8100000001;0.2879223950226096
3;221654.32000000012;0.24366985862022422
4;218475.73000000013;0.2706730294818619
5;216342.36000000013;0.27638539919628335
6;213266.84999999995;0.33870669054835956
7;215883.18000000008;0.28281202041088876
8;213256.01999999993;0.3558050340034865
