id;f1_distancia;f2_inequidad
0;637755.4700000008;0.13314239818089268
1;609966.9000000003;0.2065516260375357
2;627045.7400000002;0.18716400559465052
