id;f1_distancia;f2_inequidad
0;213198.38999999993;0.34437443284889774
1;222164.33000000013;0.22356797375493861
2;215883.18000000008;0.30547663122114965
3;213209.21999999994;0.3214280202817144
