id;f1_distancia;f2_inequidad
0;260173.60999999993;0.49289659018004084
1;290338.4400000001;0.40491232761618345
2;262089.64999999994;0.4894447942283402
