id;f1_distancia;f2_inequidad
0;611629.7800000006;0.19231092010136702
1;656790.1399999999;0.14944916356485363
2;613334.1700000005;0.15046670153719852
