id;f1_distancia;f2_inequidad
0;205520.67000000016;0.25245324099501837
1;215467.67000000007;0.1950783318453272
2;210201.91000000018;0.24366985862022422
3;206504.95000000016;0.2515231378797762
