id;f1_distancia;f2_inequidad
0;211203.76999999993;0.36016971308290513
1;228480.04000000004;0.24377670793850126
2;216949.90000000014;0.2802528620133374
3;212986.2600000001;0.3287180487219336
