id;f1_distancia;f2_inequidad
0;267402.62999999995;0.5068968775248517
1;272282.02;0.48297288103934416
