id;f1_distancia;f2_inequidad
0;625959.0100000006;0.15107393468177882
1;611573.6500000006;0.21277412236556753
2;611629.7800000006;0.1989409061275719
3;623892.0200000006;0.1608217878924914
