id;f1_distancia;f2_inequidad
0;607717.9200000005;0.1907274314958391
