id;f1_distancia;f2_inequidad
0;258318.79999999993;0.517069735249619
1;291192.5200000001;0.4424325121165687
2;263734.38999999996;0.490994199374539
