id;f1_distancia;f2_inequidad
0;268418.58999999997;0.4893616519394311
1;264842.8899999999;0.5444639310571658
2;265788.80999999994;0.49815196671743106
3;266804.76999999996;0.49209793056249373
