id;f1_distancia;f2_inequidad
0;267402.62999999995;0.5030290194854016
1;272282.02;0.47413000553938556
