id;f1_distancia;f2_inequidad
0;611629.7800000006;0.16517480087395292
1;611573.6500000006;0.18615238371006024
