id;f1_distancia;f2_inequidad
0;279277.55999999994;0.39747466725706077
1;266225.1599999999;0.43323190920427107
