id;f1_distancia;f2_inequidad
0;211692.99999999994;0.3805834336909582
1;211912.0800000001;0.22592402852876603
