id;f1_distancia;f2_inequidad
0;264842.8899999999;0.5787580992953792
1;298186.7000000001;0.3649923301134787
2;265968.2899999999;0.4914359893182653
3;294721.83000000013;0.4561679435343231
4;295268.0100000001;0.43984984022327944
5;265022.3699999999;0.5682337018609118
6;265788.80999999994;0.5115845482420281
