id;f1_distancia;f2_inequidad
0;221900.19999999998;0.19507833184532708
1;209795.81999999995;0.2875905654456233
2;219704.9700000001;0.24717149916606493
3;211919.05999999997;0.248327740429189
4;221705.37999999998;0.21586389744981035
5;209806.65;0.2581988897471611
6;209795.81999999998;0.27975683885990865
