id;f1_distancia;f2_inequidad
0;207333.63999999993;0.31655699855370967
1;218234.92000000013;0.22530843057659636
2;216633.42000000016;0.2797568388599087
3;212433.3699999999;0.28124228384477007
4;217688.4600000001;0.23139072294858043
