id;f1_distancia;f2_inequidad
0;224396.25999999995;0.20408161493764101
1;206412.75999999995;0.3095695936834452
2;212063.64000000022;0.24706611800622647
3;224381.34999999995;0.2309025167082902
