id;f1_distancia;f2_inequidad
0;631415.7899999999;0.1242500697544447
1;605373.4400000005;0.16745697835446982
