id;f1_distancia;f2_inequidad
0;606179.4400000005;0.17676590537412573
1;609112.7600000005;0.16189745183945722
