id;f1_distancia;f2_inequidad
0;217208.2400000001;0.15937159582421065
1;205482.28000000003;0.21457321982639552
2;214629.5800000001;0.2050999079039828
