id;f1_distancia;f2_inequidad
0;611621.7100000005;0.14143646086118494
1;610796.6300000006;0.17676590537412573
