id;f1_distancia;f2_inequidad
0;609902.7700000005;0.18716400559465052
