id;f1_distancia;f2_inequidad
0;263914.24999999994;0.5309179926604066
1;295782.5900000001;0.3293627448700494
2;275948.48000000004;0.37784654577325133
3;274514.01;0.43087745583221737
4;266473.98999999993;0.45402210046244823
5;264860.1699999999;0.49605102889106983
6;265528.06999999995;0.4858847439208191
7;265876.12999999995;0.46573101887725327
