id;f1_distancia;f2_inequidad
0;222608.7300000001;0.22263416678987585
1;211797.81999999995;0.2828120204108884
