id;f1_distancia;f2_inequidad
0;209334.91999999995;0.34278273002005216
1;217688.4600000001;0.19360433592481582
2;209345.75;0.30127045804208696
3;216671.93000000014;0.21921577396609854
