id;f1_distancia;f2_inequidad
0;210778.64999999997;0.3139134700306227
1;246114.8000000001;0.18856180831641273
2;214263.41000000012;0.22075470298249344
3;242830.04000000012;0.2054804667656326
4;212658.67999999996;0.30204741165732396
