id;f1_distancia;f2_inequidad
0;265528.06999999995;0.5323467029603713
1;266473.98999999993;0.4986690184185855
