id;f1_distancia;f2_inequidad
0;266456.70999999996;0.5388297102027897
1;271999.85000000003;0.47755048998625393
2;267402.62999999995;0.49801581125892874
