id;f1_distancia;f2_inequidad
0;219256.1100000001;0.24462982238476175
1;213372.32999999993;0.35707142142714254
2;218471.1400000001;0.27153754600218527
