id;f1_distancia;f2_inequidad
0;306143.64000000013;0.3247177593909655
1;264842.8899999999;0.5493989376658216
2;280758.64999999997;0.47461607291227137
3;267402.62999999995;0.48811281817207886
4;265788.80999999994;0.5072980834638656
