id;f1_distancia;f2_inequidad
0;611573.6500000006;0.2277380601116939
1;612454.8600000006;0.16932591251322845
2;612398.7300000006;0.1989409061275719
3;611629.7800000006;0.20587642244404622
