id;f1_distancia;f2_inequidad
0;654868.4100000008;0.17942193351039715
1;611540.7000000007;0.21237035049998004
2;613187.3800000006;0.18403993322505954
3;613002.6200000006;0.20417397414643718
