id;f1_distancia;f2_inequidad
0;217483.27000000014;0.20812489572903636
1;207808.05000000002;0.2886450627019665
2;210553.24;0.259673940848048
