id;f1_distancia;f2_inequidad
0;615235.8600000006;0.1768522063217176
1;611424.2400000006;0.1914361424362165
2;611629.7800000006;0.1875
