id;f1_distancia;f2_inequidad
0;611629.7800000006;0.20933090428848383
1;612454.8600000006;0.17328963291264715
