id;f1_distancia;f2_inequidad
0;213405.76999999993;0.3269174207655505
1;237652.49000000014;0.2640496586292477
2;220506.43000000017;0.28108791625871565
