id;f1_distancia;f2_inequidad
0;212350.24000000008;0.18366447367111827
1;205119.76000000004;0.3407253292609752
2;211826.4400000001;0.21980894481849966
