id;f1_distancia;f2_inequidad
0;223369.48000000004;0.1854049621773915
1;208367.51000000007;0.31066125710597825
2;212376.43000000008;0.29718003335053017
3;218850.03000000012;0.2362540417055807
4;221993.4500000001;0.21372197672053608
