id;f1_distancia;f2_inequidad
0;211216.1800000001;0.2992757461309256
1;224806.15000000008;0.1934697794373983
2;224277.4200000001;0.20052015692526604
