id;f1_distancia;f2_inequidad
0;216588.33000000007;0.2030582155168535
1;205751.40999999997;0.26454231965583297
2;211877.78000000014;0.23964673074247356
