id;f1_distancia;f2_inequidad
0;223208.54999999993;0.1753963764987433
1;204428.85000000015;0.2668944339788466
2;215753.45000000013;0.20408161493764101
3;218835.85000000012;0.17868151368659643
4;206392.90000000008;0.2511086528886561
5;208894.06000000017;0.21110654234822337
6;210245.63000000012;0.20866640042581525
7;205041.33000000013;0.25327713192381884
