id;f1_distancia;f2_inequidad
0;658601.8900000002;0.1690102160373745
1;604009.6800000006;0.20705888671670042
2;609902.7700000005;0.19760374796783967
