id;f1_distancia;f2_inequidad
0;206872.03;0.2750946806707344
1;218847.06000000008;0.20615528128088306
2;206882.86000000002;0.2723037009582416
