id;f1_distancia;f2_inequidad
0;267402.62999999995;0.5799754544614607
1;272282.02;0.5515671722339095
