id;f1_distancia;f2_inequidad
0;611629.7800000006;0.19569298875945806
1;660823.62;0.16599264546843445
2;614758.1100000006;0.18295892573432807
