id;f1_distancia;f2_inequidad
0;611629.7800000006;0.2130876381978419
1;614939.5500000006;0.1778845519384957
