id;f1_distancia;f2_inequidad
0;660823.62;0.19254880608461164
1;609812.9400000005;0.21600361630273548
2;609869.0700000005;0.1926379375927805
