id;f1_distancia;f2_inequidad
0;266715.96;0.4955312455110956
1;267402.62999999995;0.480071609241788
