id;f1_distancia;f2_inequidad
0;206902.3300000001;0.3121386800054674
1;220311.30000000013;0.21196828903294854
2;212321.8100000001;0.2782634642844001
3;208068.0400000001;0.28235123910162363
