id;f1_distancia;f2_inequidad
0;212067.34999999992;0.2783570349189846
1;215049.74000000008;0.18814703174792724
