id;f1_distancia;f2_inequidad
0;213749.8100000001;0.2198089448184997
1;210181.53999999998;0.37932688922470137
