id;f1_distancia;f2_inequidad
0;216617.41000000006;0.16067349570549044
1;203434.16000000003;0.2564447092238186
2;215373.65000000008;0.1840893502864544
3;201795.80000000005;0.2761025876171551
