id;f1_distancia;f2_inequidad
0;208676.2200000001;0.33623735003053357
1;216119.8500000001;0.16244657241348284
2;212803.17000000004;0.2912795049432761
3;209171.43000000008;0.30886778005411236
4;210523.00000000003;0.30641293851417056
5;211451.6000000001;0.29391986814247323
