id;f1_distancia;f2_inequidad
0;280758.64999999997;0.4418189595926771
1;261159.60000000003;0.5814469125834084
2;280404.47000000003;0.4646522277018947
3;266302.66;0.4962697221801646
4;264764.0399999999;0.5230940519187518
5;265709.95999999996;0.4975798634250698
