id;f1_distancia;f2_inequidad
0;635168.77;0.1591527249020575
1;609763.9200000006;0.20551478809321727
2;623359.7300000007;0.1675480742286654
3;611593.0600000006;0.18700088190696956
4;621530.5900000007;0.18553659510996745
