id;f1_distancia;f2_inequidad
0;612454.8600000006;0.11587810136086973
1;611629.7800000006;0.1496532246444572
