id;f1_distancia;f2_inequidad
0;664091.4800000001;0.16641725315734995
1;600732.8700000007;0.19175470514008092
2;645566.7500000001;0.18647997284812518
3;660823.62;0.16908919541431194
