id;f1_distancia;f2_inequidad
0;612454.8600000006;0.16641725315734995
1;611629.7800000006;0.1910072371624633
