id;f1_distancia;f2_inequidad
0;603861.7200000004;0.17394878186103374
