id;f1_distancia;f2_inequidad
0;267402.62999999995;0.45569196276712587
1;264969.51;0.4602233757161358
