id;f1_distancia;f2_inequidad
0;245527.38000000003;0.21758618981911518
1;207836.82;0.2970923911662648
2;215012.7100000001;0.23078970706877047
3;209247.97999999998;0.2761025876171552
