id;f1_distancia;f2_inequidad
0;213019.8699999999;0.3639816463626825
1;219704.9700000001;0.21372197672053614
2;218475.73000000013;0.2985788096224439
3;214082.4599999999;0.3344772040064913
4;213266.84999999995;0.33870669054835956
5;213256.01999999993;0.35079275299748647
