id;f1_distancia;f2_inequidad
0;611629.7800000006;0.18773382230463795
1;614758.1100000006;0.16727463777679918
