id;f1_distancia;f2_inequidad
0;611629.7800000006;0.19924747035623658
1;629278.6399999999;0.16488586177143683
2;611901.8900000006;0.18077751927330282
