id;f1_distancia;f2_inequidad
0;609763.9200000006;0.18602938905922903
1;612667.8100000006;0.1577564102055365
