id;f1_distancia;f2_inequidad
0;264842.8899999999;0.5555121510822243
1;294085.26000000007;0.42695628191498325
2;266899.61999999994;0.5440402721383164
