id;f1_distancia;f2_inequidad
0;243205.57000000004;0.18027756377319953
1;201993.84000000003;0.27984991017011646
2;212585.35000000012;0.21011736138538284
3;218960.4600000001;0.19202864369671524
4;202855.83000000002;0.273829580010796
5;243009.29000000004;0.18633899812498253
