id;f1_distancia;f2_inequidad
0;611216.5700000006;0.17879363267727824
1;651260.7100000004;0.1690102160373745
2;627259.44;0.17133036934234508
