id;f1_distancia;f2_inequidad
0;221565.7900000001;0.20412414523193156
1;217591.20000000016;0.24094720491334937
2;211787.26999999993;0.29080229060690393
