id;f1_distancia;f2_inequidad
0;611629.7800000006;0.21193881263877642
1;638616.3900000008;0.15769594628464415
2;628209.4600000002;0.18659244878440118
