id;f1_distancia;f2_inequidad
0;605031.0500000006;0.18972475694657642
1;634797.08;0.14624981219939864
