id;f1_distancia;f2_inequidad
0;660823.62;0.1691794124117482
1;609763.9200000006;0.19412726312166814
2;640923.5300000004;0.17776656645285552
