id;f1_distancia;f2_inequidad
0;264842.8899999999;0.477095842266869
1;265788.80999999994;0.4292058537934396
