id;f1_distancia;f2_inequidad
0;208417.81999999998;0.3581394824490716
1;216380.70000000004;0.23452078799117157
2;208793.66000000003;0.3026503299555813
3;212435.8800000001;0.24438130497691982
