id;f1_distancia;f2_inequidad
0;220032.8500000001;0.2066599461272875
1;205447.4700000001;0.3353843152100124
2;209912.6800000001;0.29857880962244393
