id;f1_distancia;f2_inequidad
0;212371.15999999992;0.2876811023801646
1;223340.7600000001;0.18911342863183703
