id;f1_distancia;f2_inequidad
0;633393.4799999999;0.1618031746721441
1;609881.2400000006;0.18154609435347266
2;613829.2700000006;0.17797031043543296
3;611629.7800000006;0.17913467949684533
