id;f1_distancia;f2_inequidad
0;222320.67000000013;0.17194758568302798
1;209343.37999999998;0.3547054725010909
2;216080.94000000012;0.20678591989462589
3;213569.89000000013;0.25816526791099453
4;209354.21000000002;0.3347625609625756
5;211441.08999999994;0.3289028478644314
6;211451.91999999998;0.30998991919093105
7;213315.90000000014;0.2733536577809455
8;218659.1400000001;0.19252525086913205
9;219742.47000000015;0.18777757232072906
