id;f1_distancia;f2_inequidad
0;218190.77000000016;0.2074983266331456
1;209175.24000000002;0.23090251670829007
2;215894.34000000014;0.22909089656485454
