id;f1_distancia;f2_inequidad
0;219623.18000000005;0.15545631755148026
1;207787.26000000013;0.291279504943276
2;215562.93000000008;0.20463381929681124
