id;f1_distancia;f2_inequidad
0;612840.9000000006;0.15377681343300548
1;599667.1800000006;0.17608480733726006
2;601074.2300000006;0.16339848886115615
