id;f1_distancia;f2_inequidad
0;611629.7800000006;0.18838293092026512
1;612454.8600000006;0.1488481162754504
