id;f1_distancia;f2_inequidad
0;213434.53999999992;0.26663411259626923
