id;f1_distancia;f2_inequidad
0;266456.70999999996;0.590726953281576
1;319325.37999999995;0.5027862904052222
2;267402.62999999995;0.5581428468591172
