id;f1_distancia;f2_inequidad
0;611629.7800000006;0.20107704075393434
1;660554.8500000008;0.18083026561097978
2;627400.8100000002;0.18781508356688068
3;613036.8300000005;0.19228116365998388
