id;f1_distancia;f2_inequidad
0;221379.36000000013;0.22484562605386746
1;209798.2000000001;0.3144660377352203
2;220640.6900000001;0.2668944339788466
3;215614.98000000007;0.29927574613092567
4;214263.41000000012;0.3000000000000001
5;211149.77000000005;0.3142175025183814
