id;f1_distancia;f2_inequidad
0;208904.07000000004;0.2597742075127723
1;212287.64;0.17672758383707088
2;209062.42000000004;0.18181186857726195
