id;f1_distancia;f2_inequidad
0;610403.5800000007;0.1589488596694999
