id;f1_distancia;f2_inequidad
0;611629.7800000006;0.1979123834514594
1;614939.5500000006;0.15967916746851324
