id;f1_distancia;f2_inequidad
0;241612.90999999997;0.18633899812498245
1;203265.57999999996;0.3291139198244617
2;208912.8900000001;0.23392781412697006
3;223115.30000000013;0.2071214753606095
4;222280.07000000012;0.21147629234082538
