id;f1_distancia;f2_inequidad
0;265538.49;0.45018201373012573
1;278426.66;0.3697549864437259
2;266715.96;0.42667027789812906
