id;f1_distancia;f2_inequidad
0;216000.53000000012;0.18984642916490863
1;207708.06000000014;0.2983461356657175
2;214401.95000000016;0.229696357538962
3;214599.0000000002;0.22817969283488448
