id;f1_distancia;f2_inequidad
0;210689.34999999995;0.3013856886670853
1;220823.17000000013;0.18925108248626277
2;210700.18;0.244807180359473
3;218526.7400000001;0.2034425935955618
