id;f1_distancia;f2_inequidad
0;212367.1100000001;0.2805933692888856
1;238082.59000000017;0.19360433592481577
