id;f1_distancia;f2_inequidad
0;264574.24999999994;0.45688098491292023
