id;f1_distancia;f2_inequidad
0;607549.2400000006;0.1781095799246562
