id;f1_distancia;f2_inequidad
0;204202.00999999998;0.31554076158591965
1;219733.31000000008;0.213924960883224
2;206849.47000000003;0.25789613542406303
3;216819.4400000001;0.23964673074247356
4;206838.63999999996;0.28719790892151154
5;204212.84;0.2879223950226094
6;218792.00000000006;0.23139072294858043
7;219115.87000000008;0.22542398324539975
