id;f1_distancia;f2_inequidad
0;206116.05000000005;0.3647678104706548
1;216235.9300000001;0.18703646406219548
2;213429.80000000016;0.2580643761200338
3;209650.98;0.3131382371342656
4;208805.48;0.34630991258633576
