id;f1_distancia;f2_inequidad
0;210967.61999999994;0.37043517951488114
1;222608.7300000001;0.23180301742835216
2;216599.9500000001;0.30402393911591175
3;222098.7200000001;0.24996527536617744
4;212435.8800000001;0.3479852726768763
