id;f1_distancia;f2_inequidad
0;278426.66;0.32659198763731
1;260632.13000000003;0.38042231421510725
2;263556.04;0.3586950088515311
3;275529.20999999996;0.33055482609630055
