id;f1_distancia;f2_inequidad
0;266456.70999999996;0.5859317129343846
1;307904.0600000001;0.4583333333333333
2;267402.62999999995;0.5543389456520862
