id;f1_distancia;f2_inequidad
0;224234.43000000008;0.20509990790398291
1;211476.76999999993;0.3335155751818628
2;211487.59999999998;0.3018174116912409
3;216754.03000000017;0.2718251071716681
4;223293.1200000001;0.22542398324539978
5;216621.82000000018;0.27788886667555096
6;224127.3000000001;0.22325713874364705
