id;f1_distancia;f2_inequidad
0;211912.0800000001;0.22138296381308725
1;206144.05;0.34937941012919205
2;206519.89000000007;0.31751531021703844
