id;f1_distancia;f2_inequidad
0;222508.1500000001;0.16827350421923898
1;210621.55999999994;0.39255219044379586
2;216671.93000000014;0.21372197672053603
3;214654.6000000001;0.32848029705837084
4;212267.97999999992;0.34558223816239925
5;211492.2399999999;0.35784850922639805
6;211560.0299999999;0.35197853469904794
