id;f1_distancia;f2_inequidad
0;210089.76999999996;0.3316363051429817
1;223393.7000000001;0.19364916731037088
2;210637.97;0.2813348637399131
3;210100.6;0.30204741165732385
