id;f1_distancia;f2_inequidad
0;224234.43000000008;0.19786183450972955
1;209559.66999999995;0.3661928757119972
2;214044.15000000008;0.2677063067368168
3;209795.81999999995;0.32635933672359774
4;215028.4300000001;0.2271502195073169
5;219192.50000000015;0.2126225137028846
