id;f1_distancia;f2_inequidad
0;218554.0900000001;0.17790251700174337
1;208294.61000000016;0.23595991891279622
2;215133.2100000001;0.21598450304490732
3;208958.42000000013;0.23078970706877056
4;218461.59000000008;0.19034872967500702
