id;f1_distancia;f2_inequidad
0;207226.46000000002;0.23537057070830988
1;218117.6100000001;0.18689717910004844
2;215547.0800000001;0.19293061504650383
