id;f1_distancia;f2_inequidad
0;266225.1599999999;0.49727992759500056
1;304918.36;0.4418189595926771
2;270822.38;0.4635124054434791
