id;f1_distancia;f2_inequidad
0;288352.92000000004;0.33166084322777006
1;264842.8899999999;0.4820733847288075
2;272389.85;0.42539682250484917
3;265788.80999999994;0.44945834492135583
