id;f1_distancia;f2_inequidad
0;638616.3900000008;0.17026948998205757
1;609645.6400000006;0.19068742574154568
2;612549.5300000006;0.1788362990978062
3;637280.6700000007;0.17534668505830814
