id;f1_distancia;f2_inequidad
0;266715.96;0.49553124551109573
1;267731.92000000004;0.4655853823563288
