id;f1_distancia;f2_inequidad
0;609626.0500000003;0.17839848454263668
