id;f1_distancia;f2_inequidad
0;299960.5100000001;0.37831291244447635
1;258559.78999999992;0.4572667514093326
2;296002.0200000001;0.40635014791228175
3;263734.38999999996;0.41247895569215265
4;260475.82999999993;0.4325112394172228
