id;f1_distancia;f2_inequidad
0;219580.0800000001;0.17435396627423072
1;209688.17999999993;0.3423773097362357
2;209699.00999999998;0.3031088913245536
3;214536.35999999996;0.29857880962244376
4;216750.4600000001;0.1892510824862628
5;215809.15000000008;0.2244978965504033
6;215028.4300000001;0.2614064523559687
7;214774.44000000012;0.28207440901688025
