id;f1_distancia;f2_inequidad
0;265528.06999999995;0.4805234414446164
1;278426.66;0.3813126087025652
2;266473.98999999993;0.4542610280413918
