id;f1_distancia;f2_inequidad
0;219549.17000000013;0.22157893000513892
1;212420.28999999992;0.36264364969852525
2;218571.64000000016;0.31021385992390627
