id;f1_distancia;f2_inequidad
0;266456.70999999996;0.5589199343873463
1;268418.58999999997;0.47206581866597563
2;267402.62999999995;0.4978251310561883
