id;f1_distancia;f2_inequidad
0;611091.9100000005;0.20092521285819104
1;628291.48;0.1868069875190366
2;613977.9300000005;0.1887975933374152
