id;f1_distancia;f2_inequidad
0;214203.37000000005;0.18911342863183703
1;207730.4;0.3899563722036379
2;210199.23999999996;0.3094574104604524
3;212350.24000000008;0.19324531042175389
4;207741.23000000004;0.3614928537790662
5;210486.42;0.25627540524469644
6;210475.58999999997;0.28182810955143095
