id;f1_distancia;f2_inequidad
0;262530.2499999999;0.44377934175293315
1;298120.15000000014;0.4031330748545283
2;265788.80999999994;0.4212958988347738
