id;f1_distancia;f2_inequidad
0;239975.63000000003;0.20509990790398291
1;207403.77;0.28710721961587027
2;211912.0800000001;0.22897719440056813
3;238838.85;0.214694550466471
4;210407.85999999996;0.26757657263337203
5;209278.28;0.2788555480292022
