id;f1_distancia;f2_inequidad
0;208574.18000000005;0.24094720491334928
1;208667.00000000003;0.21984843263788195
