id;f1_distancia;f2_inequidad
0;285412.4700000001;0.347322034265192
1;261125.78;0.6605965514740781
2;271999.85000000003;0.3907291527814801
3;263628.23;0.6249999999999999
4;269497.4;0.42103826487162777
5;267402.62999999995;0.5013003923131653
6;264900.18;0.5368121810357261
7;261728.48999999996;0.6597747603349191
8;265502.88999999996;0.5266086053834373
