id;f1_distancia;f2_inequidad
0;607638.3200000006;0.16294260636417351
1;609045.3700000006;0.14718582055172424
