id;f1_distancia;f2_inequidad
0;615422.8600000006;0.16787788239800233
1;609575.3500000007;0.17230725120655652
