id;f1_distancia;f2_inequidad
0;266456.70999999996;0.43787186577049353
1;267402.62999999995;0.33317053316082224
