id;f1_distancia;f2_inequidad
0;215028.4300000001;0.20138409955990957
1;206019.28000000006;0.26874192494328497
