id;f1_distancia;f2_inequidad
0;267402.62999999995;0.5739337562796095
1;272108.27;0.5081529307616623
