id;f1_distancia;f2_inequidad
0;292679.72000000015;0.3434341983715527
1;258559.78999999992;0.4038389994787525
2;292439.2000000001;0.35166857967489135
