id;f1_distancia;f2_inequidad
0;611629.7800000006;0.18015394621250322
1;612454.8600000006;0.12930513568777682
