id;f1_distancia;f2_inequidad
0;612010.6400000006;0.1652556132922854
1;610172.4300000006;0.1691794124117482
