id;f1_distancia;f2_inequidad
0;222459.24000000002;0.20812489572903634
1;211041.22999999992;0.3244386177178461
2;216106.94000000015;0.2244978965504033
