id;f1_distancia;f2_inequidad
0;211831.19999999992;0.3826080094416332
1;217972.3300000001;0.21196828903294843
2;215392.03000000012;0.2388848513870694
3;212067.34999999992;0.33641801874057414
4;217688.4600000001;0.21969043877440117
5;215675.9000000001;0.23859397170367358
6;211842.02999999994;0.3799671038392666
