id;f1_distancia;f2_inequidad
0;211500.0400000001;0.35463204718255353
1;218623.56000000017;0.1840893502864543
2;212332.66000000006;0.28431203515386627
3;211508.49000000008;0.29568658332016945
