id;f1_distancia;f2_inequidad
0;267402.62999999995;0.5110540238348367
1;264842.8899999999;0.5696878714114715
2;265788.80999999994;0.5286907308520634
