id;f1_distancia;f2_inequidad
0;206776.42999999996;0.2992757461309256
1;218193.51000000007;0.2140466589840221
2;215622.98000000007;0.2513505188642613
3;208227.76999999996;0.28418988174966564
