id;f1_distancia;f2_inequidad
0;611365.8300000008;0.2024383677186945
1;612190.9100000007;0.16067940469689948
