id;f1_distancia;f2_inequidad
0;211831.19999999992;0.3214280202817143
1;220038.2000000001;0.19856254262406428
2;211842.02999999994;0.2955397604384222
3;217231.7600000001;0.22360679774997905
4;217741.7700000001;0.21794494717703372
5;219528.1900000001;0.2037410529732943
