id;f1_distancia;f2_inequidad
0;611629.7800000006;0.19578068884596356
1;612454.8600000006;0.16810495930742198
