id;f1_distancia;f2_inequidad
0;211831.19999999992;0.37246830588506297
1;220970.04000000007;0.25276251480171835
2;213915.36000000007;0.2602082499332666
