id;f1_distancia;f2_inequidad
0;211888.82999999993;0.32720937062104777
1;221379.36000000013;0.23448377105652515
2;219522.15000000017;0.2757565351295715
3;214044.15000000008;0.3226410113767655
