id;f1_distancia;f2_inequidad
0;609902.7700000005;0.2130876381978419
1;610727.8500000006;0.17660397742902054
