id;f1_distancia;f2_inequidad
0;604684.9500000007;0.18862577076445408
1;633156.7999999999;0.15103605413422816
