id;f1_distancia;f2_inequidad
0;212435.8800000001;0.22138296381308717
1;205164.86;0.33079764710972975
2;206803.22;0.2805933692888854
3;209210.66000000012;0.2466089459492949
