id;f1_distancia;f2_inequidad
0;639030.2600000008;0.17289293731508382
1;609881.2400000006;0.2030404721960855
2;611629.7800000006;0.1916751140999644
3;638616.3900000008;0.1816196224416827
