id;f1_distancia;f2_inequidad
0;220038.2000000001;0.23570226039551598
1;210345.29;0.25897098722100553
2;217741.7700000001;0.24996527536617744
