id;f1_distancia;f2_inequidad
0;267402.62999999995;0.555487734575561
1;267269.25999999995;0.5918051114434173
