id;f1_distancia;f2_inequidad
0;218116.21000000008;0.19574466077577252
1;204399.94999999998;0.396775195237247
2;208848.70999999996;0.24660894594929486
3;215034.81000000014;0.21854156736572267
4;206103.52;0.3365470084384779
5;208216.11999999997;0.26663411259626935
6;205032.54;0.385050501738264
7;205470.93;0.34880749227427243
8;215819.78000000012;0.21307112792576
9;217331.2400000001;0.2009957849198723
