id;f1_distancia;f2_inequidad
0;613185.8800000006;0.17061639673250745
1;611356.7400000007;0.19396999543965396
