id;f1_distancia;f2_inequidad
0;202972.66;0.2612735901098481
1;212435.8800000001;0.20412414523193156
2;205064.82000000004;0.23964673074247345
3;202992.91;0.24022558842332623
