id;f1_distancia;f2_inequidad
0;205331.93000000002;0.34133622231850325
1;222830.7500000001;0.2016856051713492
2;212435.8800000001;0.23318447632722045
3;207970.67000000007;0.27876214472796224
4;206970.29;0.30810802578893587
