id;f1_distancia;f2_inequidad
0;611629.7800000006;0.19872027096838912
1;612454.8600000006;0.17660397742902054
