id;f1_distancia;f2_inequidad
0;613586.2900000007;0.1751181067690014
1;611540.7000000007;0.2080146895870202
2;611860.7700000006;0.20198561150700656
