id;f1_distancia;f2_inequidad
0;211792.58;0.3316363051429817
1;220087.32000000015;0.18328597873268973
2;213376.48000000019;0.2507973396102032
3;212028.72999999998;0.2666341125962693
4;212174.97000000018;0.2629625554248277
