id;f1_distancia;f2_inequidad
0;611540.7000000007;0.18838293092026512
1;625959.0100000006;0.15016216413301114
2;612947.7500000006;0.1801962905417312
