id;f1_distancia;f2_inequidad
0;605772.4600000005;0.16369005343560128
