id;f1_distancia;f2_inequidad
0;212435.8800000001;0.16577888553398137
1;208104.91;0.41127765020185014
2;211794.39000000004;0.32649230040266214
3;209743.27000000002;0.35470547250109086
4;211912.0800000001;0.25217801252290023
