id;f1_distancia;f2_inequidad
0;611629.7800000006;0.19396999543965396
1;614758.1100000006;0.17942193351039715
