id;f1_distancia;f2_inequidad
0;611629.7800000006;0.20092521285819104
1;614939.5500000006;0.15808251575398646
