id;f1_distancia;f2_inequidad
0;286147.84000000014;0.45785960366324807
1;266323.3399999999;0.5503116225780121
2;267269.25999999995;0.5187458165828638
