id;f1_distancia;f2_inequidad
0;209986.58;0.2513505188642613
1;219806.5700000001;0.22138296381308725
2;219148.7800000001;0.2343726851737539
