id;f1_distancia;f2_inequidad
0;305674.65;0.40286382581807684
1;264144.06999999995;0.5589927309580053
2;302755.9600000001;0.4786002086525059
