id;f1_distancia;f2_inequidad
0;645350.8000000002;0.1570293065800139
1;608691.1300000006;0.18602938905922903
2;613674.0200000006;0.18150406492951474
3;610520.2700000006;0.1841746130332232
