id;f1_distancia;f2_inequidad
0;220042.98000000004;0.21176342932621775
1;209953.36999999994;0.2855002918854317
2;212435.8800000001;0.24480718035947308
3;210329.21;0.24913043214794584
