id;f1_distancia;f2_inequidad
0;266473.98999999993;0.5068968775248517
1;265528.06999999995;0.541566497148165
