id;f1_distancia;f2_inequidad
0;611629.7800000006;0.19175470514008092
1;615711.1000000007;0.17257271381285738
2;613458.9200000006;0.1796768848766707
