id;f1_distancia;f2_inequidad
0;208860.55999999994;0.348782605007124
1;222608.7300000001;0.1998263134713634
2;209332.99;0.2661453237111885
3;217390.08000000016;0.2384848003542365
4;209322.15999999995;0.30675270532176596
5;208871.38999999998;0.3175153102170384
