id;f1_distancia;f2_inequidad
0;204481.6;0.3585270794049825
1;216624.43000000008;0.19467743977039448
2;204549.39;0.2841898817496655
3;211498.3800000001;0.22669117514559076
4;213794.81000000008;0.20476103958842692
