id;f1_distancia;f2_inequidad
0;216972.7100000001;0.19891197103800026
1;209695.90000000008;0.254916925465707
2;214143.0900000001;0.2087911636061259
3;211407.71000000008;0.2443813049769196
