id;f1_distancia;f2_inequidad
0;220424.33000000007;0.1657788855339814
1;205690.50000000006;0.28354771301415144
2;210155.71000000008;0.23801114586412875
3;216824.4100000001;0.20344259359556177
4;218127.90000000005;0.18633899812498245
5;219120.84000000008;0.182526634281746
