id;f1_distancia;f2_inequidad
0;219212.87;0.23921166824012213
1;213024.79000000007;0.36391009268163427
2;213445.95000000004;0.3104656001699528
