id;f1_distancia;f2_inequidad
0;268418.58999999997;0.4448782605013046
1;266847.98999999993;0.5017060736875726
2;267402.62999999995;0.47091513854232103
