id;f1_distancia;f2_inequidad
0;633938.96;0.16270832499733226
1;607638.3200000006;0.17061639673250745
2;610524.3400000007;0.16387638252658618
