id;f1_distancia;f2_inequidad
0;213198.38999999993;0.33205483984827955
1;223550.0400000001;0.20064998546390844
2;219192.50000000015;0.30273636312071206
3;222608.7300000001;0.22263416678987585
