id;f1_distancia;f2_inequidad
0;210769.87999999998;0.3191786333700926
1;227274.63999999993;0.18925108248626274
2;213046.7200000001;0.2576604138956718
3;219937.6200000001;0.22530843057659627
