id;f1_distancia;f2_inequidad
0;633959.09;0.16494369008372978
1;611288.2900000005;0.20695753404608758
2;611468.4700000004;0.16755945773068137
