id;f1_distancia;f2_inequidad
0;611091.9100000005;0.21186680420634416
1;612921.0500000006;0.18691926667911837
2;612788.4000000006;0.19764235376052372
3;612498.9600000005;0.20278667738152203
4;643612.0900000003;0.1608217878924914
