id;f1_distancia;f2_inequidad
0;603741.8600000006;0.14244428649777208
