id;f1_distancia;f2_inequidad
0;267825.88999999996;0.433231909204271
1;266809.92999999993;0.4578596036632482
