id;f1_distancia;f2_inequidad
0;223393.7000000001;0.24632718756429098
1;213128.6199999999;0.40850336595920467
2;214942.79000000012;0.26663411259626935
3;213445.36999999997;0.35234827309858563
4;213139.44999999995;0.40688518719112343
5;213434.53999999992;0.35470547250109097
