id;f1_distancia;f2_inequidad
0;238068.1000000002;0.21110654234822343
1;212945.41999999993;0.3157882553582735
2;220371.28000000017;0.23979157616563596
