id;f1_distancia;f2_inequidad
0;206543.70999999996;0.37802024490171887
1;211715.9800000001;0.2071214753606095
2;207250.77000000008;0.257357026111371
