id;f1_distancia;f2_inequidad
0;269319.20999999996;0.46104783284022355
1;263262.3499999999;0.49055201155602934
2;264439.81999999995;0.4825233424837256
