id;f1_distancia;f2_inequidad
0;223104.8600000001;0.24148700218070177
1;211784.5000000001;0.2919046648022831
2;221861.7700000001;0.2597742075127724
3;214029.4100000002;0.28710721961587027
