id;f1_distancia;f2_inequidad
0;611629.7800000006;0.1943629260468271
1;612454.8600000006;0.15264393502015564
