id;f1_distancia;f2_inequidad
0;213059.41000000024;0.2587026929379232
1;241270.48000000016;0.19891197103800007
