id;f1_distancia;f2_inequidad
0;263215.42999999993;0.5170697352496192
1;266473.98999999993;0.49432543823769476
