id;f1_distancia;f2_inequidad
0;607940.1500000005;0.19396999543965396
1;656790.1399999999;0.1883019147114133
