id;f1_distancia;f2_inequidad
0;629939.66;0.18229050408855468
1;609836.7600000006;0.20386546227594407
2;612088.4200000005;0.1873371688794031
3;611207.2600000006;0.20066874279752067
