id;f1_distancia;f2_inequidad
0;607719.9200000004;0.18237419076992328
1;609126.9700000004;0.16968598928885525
