id;f1_distancia;f2_inequidad
0;267402.62999999995;0.4597220910959867
1;271999.85000000003;0.4424018546996234
