id;f1_distancia;f2_inequidad
0;213347.61000000013;0.27988092706244444
1;216595.18000000008;0.2388848513870694
2;214914.3600000001;0.26718699236469
3;215028.4300000001;0.25162665244807086
