id;f1_distancia;f2_inequidad
0;630539.8700000008;0.17026948998205757
1;602551.3600000006;0.20188171186597734
2;626508.4100000007;0.17394878186103374
