id;f1_distancia;f2_inequidad
0;222111.39000000013;0.21372197672053614
1;209825.76999999996;0.32649230040266214
2;213749.8100000001;0.2653286745822162
3;209836.6;0.30683758823774426
