id;f1_distancia;f2_inequidad
0;208692.87;0.2640496586292477
1;220974.80000000008;0.21854156736572264
2;218590.17000000004;0.23270003342405338
