id;f1_distancia;f2_inequidad
0;219672.0600000001;0.2423481769869312
1;209334.91999999995;0.29008499712249086
2;209345.75;0.2893659255836611
