id;f1_distancia;f2_inequidad
0;265528.06999999995;0.524466494798921
1;266473.98999999993;0.4930066485916346
