id;f1_distancia;f2_inequidad
0;222608.7300000001;0.21372197672053608
1;204208.35000000003;0.27458933984325673
2;213522.63000000003;0.2743363203563588
3;215112.98;0.23150323971815176
4;213546.23000000004;0.24576270171764386
