id;f1_distancia;f2_inequidad
0;609727.8000000005;0.19702375332685143
1;613237.1900000006;0.16057253444583658
2;611424.2900000006;0.18094625343139706
3;611540.7000000007;0.1781095799246562
