id;f1_distancia;f2_inequidad
0;211131.46999999994;0.26912925436591895
1;218588.26000000013;0.1993043457183567
2;218535.32000000012;0.20866640042581525
