id;f1_distancia;f2_inequidad
0;603590.8700000006;0.22137618609842472
1;637277.2600000008;0.14790973199339985
2;603647.0000000006;0.18843354836238027
