id;f1_distancia;f2_inequidad
0;267402.62999999995;0.42945858801454223
1;264842.8899999999;0.495613352812564
2;265788.80999999994;0.451385550201328
