id;f1_distancia;f2_inequidad
0;272282.02;0.44827989148645864
1;267402.62999999995;0.4822984160794827
