id;f1_distancia;f2_inequidad
0;219979.93000000008;0.2057759704144292
1;207303.92999999996;0.3253203549323856
2;207314.76000000004;0.29568658332016956
3;217150.31000000008;0.21209110987707366
4;215112.97000000006;0.2443813049769198
5;211266.0100000001;0.2640496586292476
6;212376.36000000004;0.26190408549696204
