id;f1_distancia;f2_inequidad
0;222608.7300000001;0.23270003342405338
1;212508.74999999994;0.30368111930480984
2;217913.88000000015;0.25110865288865614
3;219480.63000000012;0.24832774042918904
