id;f1_distancia;f2_inequidad
0;614212.6500000006;0.1565914238502144
1;608691.2000000005;0.2176924071502251
2;608778.6600000005;0.1899257153303628
3;608747.3300000005;0.1907274314958391
