id;f1_distancia;f2_inequidad
0;635020.96;0.16494369008372978
1;607638.3200000006;0.17257271381285738
