id;f1_distancia;f2_inequidad
0;626048.0200000006;0.14040781840321429
1;609426.9600000007;0.18582421706666089
2;625775.1900000006;0.17258376589355096
3;611256.1000000007;0.1772830808946087
