id;f1_distancia;f2_inequidad
0;654405.2600000004;0.14383011948644267
1;607644.2400000006;0.15605456527686076
