id;f1_distancia;f2_inequidad
0;217627.31000000006;0.2263462809256845
1;209345.75;0.28235123910162363
