id;f1_distancia;f2_inequidad
0;220246.10000000003;0.23746344747958348
1;208306.47999999998;0.2753785273643051
