id;f1_distancia;f2_inequidad
0;212374.02000000014;0.17775607506417954
1;202890.83;0.28903575326707714
2;205346.10000000003;0.2368411915187052
3;203892.0;0.27335365778094545
4;204344.93000000002;0.2565462379810357
