id;f1_distancia;f2_inequidad
0;601895.9800000006;0.2460627460628691
1;616402.8900000006;0.16294260636417351
2;611629.7800000006;0.20727984779696837
3;602721.0600000006;0.2122266020442168
4;612454.8600000006;0.16535945694153692
