id;f1_distancia;f2_inequidad
0;267402.62999999995;0.5534574095327179
1;271999.85000000003;0.4712894177443175
