id;f1_distancia;f2_inequidad
0;217797.91000000006;0.18314384146529927
1;211820.66000000006;0.2046338192968112
2;212459.58000000007;0.18911342863183697
