id;f1_distancia;f2_inequidad
0;265788.80999999994;0.5203122393225906
1;264842.8899999999;0.5570725815467057
