id;f1_distancia;f2_inequidad
0;213434.53999999992;0.25317429218272197
1;224235.78000000006;0.2077909606631946
2;223322.60000000003;0.22232202619923494
3;223763.99000000005;0.22169642657371708
