id;f1_distancia;f2_inequidad
0;611216.5700000006;0.184877493221863
1;635168.77;0.17451803049756778
2;614515.8000000005;0.17814170357536827
3;611629.7800000006;0.18217537213064092
