id;f1_distancia;f2_inequidad
0;266123.26;0.48041052323334194
1;321026.66;0.41457809879442487
2;317582.55;0.44533534298136873
3;266809.92999999993;0.4653814146601807
