id;f1_distancia;f2_inequidad
0;222164.33000000013;0.22909089656485468
1;205233.35999999996;0.33166247903553997
2;213820.51000000013;0.2820744090168803
3;205244.19;0.28855482821967976
