id;f1_distancia;f2_inequidad
0;609364.9000000005;0.2130876381978419
1;642613.2400000003;0.16217995451499045
2;610189.9800000006;0.17258376589355096
