id;f1_distancia;f2_inequidad
0;611309.8200000005;0.18619336387207788
1;609902.7700000005;0.1907274314958391
