id;f1_distancia;f2_inequidad
0;264709.5199999999;0.5104963798299107
1;265788.80999999994;0.4171546621491575
2;265655.43999999994;0.46953060004114744
3;264842.8899999999;0.5012733352146533
