id;f1_distancia;f2_inequidad
0;612161.1400000006;0.18757119416600027
1;610332.0000000006;0.20714177474316955
