id;f1_distancia;f2_inequidad
0;267402.62999999995;0.5503855577254709
1;272108.27;0.4874454652545475
