id;f1_distancia;f2_inequidad
0;305061.0900000001;0.4304995483285796
1;264842.8899999999;0.5311223294302777
2;266764.4099999999;0.48412291827592707
3;265788.80999999994;0.5086064839889043
4;265818.48999999993;0.5017060736875726
