id;f1_distancia;f2_inequidad
0;224282.0700000001;0.21404665898402211
1;212290.73000000016;0.251108652888656
2;220817.1100000001;0.23448377105652515
3;221758.4200000001;0.21501776412401125
