id;f1_distancia;f2_inequidad
0;302142.4000000001;0.3280836614171587
1;264402.2899999999;0.4740441772076149
2;298554.8100000002;0.41086455045360687
3;265348.20999999996;0.4389855730355309
