id;f1_distancia;f2_inequidad
0;219413.30000000013;0.20712147536060957
1;209057.88;0.24801293649055228
2;218471.9900000001;0.22726483572157744
3;208682.03999999995;0.28550029188543175
