id;f1_distancia;f2_inequidad
0;247613.0400000001;0.24377670793850137
1;219192.50000000015;0.2644438608770405
2;212435.8800000001;0.2797568388599087
3;212005.13999999993;0.3427827300200522
