id;f1_distancia;f2_inequidad
0;609682.3200000004;0.18773382230463795
1;607853.1800000005;0.2130876381978419
