id;f1_distancia;f2_inequidad
0;603358.2600000006;0.1778845519384957
1;605187.4000000006;0.17061639673250745
