id;f1_distancia;f2_inequidad
0;210966.55000000016;0.2644438608770404
