id;f1_distancia;f2_inequidad
0;212435.8800000001;0.1727534370135657
1;206053.18000000005;0.36853218614148503
2;211152.91;0.31288864721423754
3;207553.45000000004;0.32998316455372223
4;211647.2600000001;0.2564447092238187
5;212171.06000000008;0.205986784905138
6;211912.0800000001;0.2315032397181517
