id;f1_distancia;f2_inequidad
0;659657.32;0.15535633105737717
1;605201.1700000005;0.18615238371006024
2;625288.2400000006;0.15769594628464415
3;606777.9200000006;0.18116747852039422
