id;f1_distancia;f2_inequidad
0;268418.58999999997;0.4805234414446166
1;266847.98999999993;0.5327542021707156
2;267863.94999999995;0.5076455387921336
3;267402.62999999995;0.51070888743817
