id;f1_distancia;f2_inequidad
0;611629.7800000006;0.18221724671391565
1;612454.8600000006;0.1573690396756538
