id;f1_distancia;f2_inequidad
0;258559.78999999992;0.5153882032022077
1;295213.3200000002;0.2982424646295918
2;294030.5700000001;0.375
3;265348.20999999996;0.46231110068810216
4;260475.82999999993;0.4875845724361856
5;263734.38999999996;0.47686835585876797
