id;f1_distancia;f2_inequidad
0;656790.1399999999;0.19254880608461164
1;610918.7100000007;0.20431405281510712
2;611356.7400000007;0.19396999543965396
