id;f1_distancia;f2_inequidad
0;264842.8899999999;0.5696878714114715
1;265788.80999999994;0.5286907308520634
