id;f1_distancia;f2_inequidad
0;266033.87999999995;0.5947542676508416
1;272282.02;0.4384909412468582
2;267402.62999999995;0.49407843331184675
