id;f1_distancia;f2_inequidad
0;212435.8800000001;0.250520291925957
1;212181.8900000001;0.30547663122114965
