id;f1_distancia;f2_inequidad
0;260173.60999999993;0.590726953281576
1;294884.00000000006;0.335887027862213
2;265348.20999999996;0.5463539184143065
3;262089.64999999994;0.575750566893145
