id;f1_distancia;f2_inequidad
0;613296.9900000006;0.13777493819178435
1;609902.7700000005;0.16810495930742198
