id;f1_distancia;f2_inequidad
0;230731.38999999996;0.16499158227686103
1;204757.88000000012;0.2900849971224908
2;212146.5900000001;0.22634628092568454
3;217091.98000000013;0.16562172428626498
4;215848.8900000001;0.1683250823060347
