id;f1_distancia;f2_inequidad
0;209133.41000000012;0.30368111930480984
1;216106.94000000015;0.2215789300051388
