id;f1_distancia;f2_inequidad
0;635168.77;0.18503218087398846
1;611629.7800000006;0.20813385632433157
2;613458.9200000006;0.18781508356688068
