id;f1_distancia;f2_inequidad
0;211938.36999999994;0.3004337142643393
1;239150.4400000001;0.21408720964441888
2;212314.21;0.2621691036123229
