id;f1_distancia;f2_inequidad
0;266473.98999999993;0.4727835715795924
1;262487.1;0.5302277746926839
2;265528.06999999995;0.503352476181232
