id;f1_distancia;f2_inequidad
0;608864.8400000005;0.24394523431243742
1;623042.4000000006;0.1361595707651045
2;612774.9300000005;0.14657549249448218
3;611629.7800000006;0.20054514023402406
4;612454.8600000006;0.16044181857744413
5;609689.9200000005;0.21301601811743964
6;610009.9900000006;0.20379060118381165
