id;f1_distancia;f2_inequidad
0;629054.76;0.15347884419435265
1;610806.8600000006;0.20386546227594407
2;614303.7500000006;0.19624776073563235
3;612142.0000000006;0.2033877507335127
4;613890.5400000006;0.19872027096838912
5;612968.6100000006;0.20077327014784457
6;612555.2100000005;0.20188171186597734
7;612555.4000000006;0.20092521285819104
