id;f1_distancia;f2_inequidad
0;298655.6900000002;0.31023484607990476
1;258559.78999999992;0.44377934175293315
2;260475.82999999993;0.4186152353627109
3;291771.4800000001;0.3558477260945568
4;295213.3200000002;0.3378598904213928
5;297472.9400000002;0.31245659420772165
6;294030.5700000001;0.342286975013495
7;292954.2300000001;0.3550463951490472
