id;f1_distancia;f2_inequidad
0;609763.9200000006;0.18287550663698618
1;610589.0000000006;0.15625
