id;f1_distancia;f2_inequidad
0;266225.1599999999;0.4740441772076149
1;321119.42999999993;0.45069390943299853
