id;f1_distancia;f2_inequidad
0;212918.1799999999;0.36619287571199716
1;222608.7300000001;0.22897719440056813
2;220506.43000000017;0.31021385992390627
3;221858.00000000012;0.3091206165165236
