id;f1_distancia;f2_inequidad
0;210223.5900000001;0.3581394824490718
1;220714.14000000013;0.21213203435596428
2;214942.79000000012;0.2978802425285856
3;210477.5800000001;0.3347625609625758
