id;f1_distancia;f2_inequidad
0;204893.28999999998;0.33538431521001233
1;238639.7700000001;0.1998263134713634
2;212435.8800000001;0.22909089656485454
3;237912.2000000001;0.21885909977781506
4;212181.8900000001;0.28418988174966564
5;208205.0899999999;0.3237958461747155
6;205719.72999999992;0.3259334884434075
