id;f1_distancia;f2_inequidad
0;216162.16000000012;0.2057759704144292
1;207902.08999999994;0.33455505276909697
2;209141.80000000002;0.26601482832520607
3;215889.7000000001;0.24195385234929967
4;209130.96999999997;0.30776975521032307
5;207912.91999999998;0.3108847142520125
