id;f1_distancia;f2_inequidad
0;607512.3800000005;0.2003643531755025
1;614212.6500000006;0.14735418838953138
2;607717.9200000005;0.1877846147144049
