id;f1_distancia;f2_inequidad
0;595882.8100000005;0.15496296101684873
1;615921.0900000005;0.15022566033616727
