id;f1_distancia;f2_inequidad
0;206967.61999999994;0.3199120973017432
1;246688.63;0.1868971791000484
2;221719.31000000008;0.23448377105652515
3;207578.91999999998;0.26974138849399193
4;219369.9400000001;0.2499652753661774
5;219422.8800000001;0.24547997202759075
