id;f1_distancia;f2_inequidad
0;207667.27;0.3427574053013133
1;215882.32000000004;0.20866640042581525
2;211715.9800000001;0.22878756522153906
3;209938.79999999996;0.30066477272130754
4;215775.18000000005;0.21015867021530818
5;207723.03;0.3126666222459101
