id;f1_distancia;f2_inequidad
0;643612.0900000003;0.16682934768798924
1;607011.3700000006;0.17147503177849976
