id;f1_distancia;f2_inequidad
0;609674.8400000005;0.2006972556557124
1;619034.8900000006;0.17257271381285738
2;613002.6200000006;0.18288593610499415
