id;f1_distancia;f2_inequidad
0;647571.1000000003;0.17007895038844276
1;611365.8300000008;0.1919137881956619
2;611629.7800000006;0.18337545200076366
