id;f1_distancia;f2_inequidad
0;608990.9000000005;0.15347884419435265
1;612607.2600000005;0.14104483769438134
