id;f1_distancia;f2_inequidad
0;638080.9200000007;0.17633376707854165
1;611002.8300000005;0.18967448408288706
2;612409.8800000006;0.18217537213064092
3;635031.8400000008;0.17891094085007594
