id;f1_distancia;f2_inequidad
0;240604.49000000014;0.16894279110594412
1;209265.10000000003;0.29249881291307067
2;216599.9500000001;0.22776083947860754
