id;f1_distancia;f2_inequidad
0;217777.66000000006;0.20548046676563247
1;211372.22999999995;0.3499999999999999
2;211909.59999999995;0.3023059524536176
3;214322.89000000007;0.270673029481862
4;214795.32000000007;0.2644438608770405
5;215790.95000000007;0.21969043877440117
6;216263.38000000006;0.2119682890329484
7;211723.41999999993;0.31333222517534537
