id;f1_distancia;f2_inequidad
0;611629.7800000006;0.1714194068275508
1;612454.8600000006;0.1488481162754504
