id;f1_distancia;f2_inequidad
0;609682.3200000004;0.17025828767341805
1;607853.1800000005;0.19079742138157785
