id;f1_distancia;f2_inequidad
0;267402.62999999995;0.5051814855409226
1;266456.70999999996;0.5399612576122681
