id;f1_distancia;f2_inequidad
0;204300.61000000004;0.2763853991962833
1;218218.94000000012;0.1802294062823515
2;212408.1800000001;0.22418835087191016
3;205171.29000000004;0.26912925436591906
4;215487.41000000012;0.2229848026709943
5;217277.63000000012;0.19680609464365917
6;217672.4800000001;0.18099838857477898
7;216033.87000000014;0.21794494717703378
8;216731.1700000001;0.19891197103800026
9;216428.72000000012;0.20799973290581153
