id;f1_distancia;f2_inequidad
0;611091.9100000005;0.2030404721960855
1;633729.6399999999;0.17258376589355096
2;612968.6100000006;0.19333964545808854
3;612326.0000000006;0.19569298875945806
