id;f1_distancia;f2_inequidad
0;210691.82999999996;0.24874685927665502
1;243642.11000000004;0.20099578491987233
2;211488.92999999996;0.24660894594929486
