id;f1_distancia;f2_inequidad
0;221379.36000000013;0.2570870475150393
1;209301.95999999996;0.30066477272130754
2;209312.79;0.2597742075127723
