id;f1_distancia;f2_inequidad
0;631418.4799999999;0.17025828767341805
1;609137.0400000005;0.19810503645478073
