id;f1_distancia;f2_inequidad
0;614557.9200000006;0.17831293197349535
1;611629.7800000006;0.19396999543965396
