id;f1_distancia;f2_inequidad
0;266225.1599999999;0.474587494494488
1;261896.11999999997;0.6137662294188236
2;265670.51999999996;0.5126174916137114
3;262450.75999999995;0.5879421725509142
