id;f1_distancia;f2_inequidad
0;607683.0200000006;0.19948664585630788
1;609512.1600000006;0.1659121920437133
