id;f1_distancia;f2_inequidad
0;267402.62999999995;0.4540519732854869
1;266456.70999999996;0.4813131271728301
