id;f1_distancia;f2_inequidad
0;607249.3000000006;0.17289293731508382
1;657582.5700000002;0.13687212379255453
2;626408.3400000002;0.15643299830593407
