id;f1_distancia;f2_inequidad
0;211673.40999999992;0.33040379335998343
1;219159.03000000012;0.16996731711975957
2;214838.0100000001;0.18929694486000917
3;214715.83000000016;0.27610258761715534
4;212049.24999999997;0.31710495984067405
