id;f1_distancia;f2_inequidad
0;278426.66;0.39624430420021345
1;267231.29999999993;0.4892230500582871
2;268418.58999999997;0.45631658570436484
3;267402.62999999995;0.48252334248372547
