id;f1_distancia;f2_inequidad
0;211831.19999999992;0.33579817847431315
1;221379.36000000013;0.2315032397181518
2;218007.9000000001;0.3272093706210476
3;220271.01000000015;0.2893659255836611
