id;f1_distancia;f2_inequidad
0;645337.54;0.16714916324480208
1;609902.7700000005;0.1968591108419531
