id;f1_distancia;f2_inequidad
0;266225.1599999999;0.49561335281256413
1;262545.9;0.5697830971323893
2;264865.32999999996;0.503352476181232
3;263723.37;0.5620899354072362
