id;f1_distancia;f2_inequidad
0;611629.7800000006;0.19004618836203346
1;614764.8900000005;0.17380617838985005
