id;f1_distancia;f2_inequidad
0;266456.70999999996;0.6038073644245598
1;304960.8900000001;0.4518660672238328
2;267402.62999999995;0.575750566893145
3;304414.7100000001;0.461635829295007
