id;f1_distancia;f2_inequidad
0;597726.8600000006;0.19475506389336678
1;598551.9400000005;0.15463027666319912
