id;f1_distancia;f2_inequidad
0;658601.8900000002;0.17476922213553328
1;611479.0100000004;0.19055734903562332
2;656222.6200000005;0.177078546197549
3;657713.8500000002;0.17581379906980957
