id;f1_distancia;f2_inequidad
0;217297.3700000001;0.2054804667656326
1;207426.92999999993;0.32635933672359774
2;210182.94999999998;0.2581652679109944
3;215540.12000000017;0.2576604138956719
4;216512.4000000001;0.2126225137028846
5;216325.09000000014;0.2504163200219454
6;207437.75999999998;0.2950694362725869
7;208592.22999999995;0.28382310609877337
