id;f1_distancia;f2_inequidad
0;222608.7300000001;0.23595991891279627
1;208405.78999999995;0.34630991258633576
2;216508.80000000022;0.26246692913372704
3;208789.44;0.3411581581743119
