id;f1_distancia;f2_inequidad
0;604168.6800000005;0.20930356757216897
1;640774.95;0.1791666193525858
2;610010.2300000004;0.1874084249029626
