id;f1_distancia;f2_inequidad
0;286147.84000000014;0.3880470488906954
1;266323.3399999999;0.4861080109028123
2;267269.25999999995;0.42206785715293055
