id;f1_distancia;f2_inequidad
0;657713.8500000002;0.17371836422312806
1;611152.1700000004;0.18018570539233786
