id;f1_distancia;f2_inequidad
0;611629.7800000006;0.18453672396093515
1;629344.97;0.11807928906399875
2;613326.2700000006;0.16896506838970443
