id;f1_distancia;f2_inequidad
0;609331.2000000005;0.1943629260468271
1;610156.2800000005;0.15264393502015564
