id;f1_distancia;f2_inequidad
0;209015.42000000016;0.3362373500305335
1;214488.07000000012;0.20749832663314563
2;214252.65000000014;0.22730302828309765
