id;f1_distancia;f2_inequidad
0;210024.20000000016;0.29814239699997186
1;220190.26000000015;0.17984368212422697
2;214646.44000000015;0.25162665244807086
3;218934.44000000015;0.18252663428174598
4;219719.41000000015;0.17984368212422702
