id;f1_distancia;f2_inequidad
0;223112.59999999995;0.18465433171800283
1;205704.18000000005;0.27233557730613644
2;217678.46000000017;0.24801293649055228
3;221379.36000000013;0.21969043877440114
4;219030.03000000012;0.24650332429581737
5;222320.67000000013;0.19034872967500704
