id;f1_distancia;f2_inequidad
0;611540.7000000007;0.1988737822087165
1;612365.7800000006;0.15506139708268585
