id;f1_distancia;f2_inequidad
0;314669.2300000001;0.44897525103469427
1;267402.62999999995;0.515993134576959
2;273447.4000000001;0.4795062202701627
