id;f1_distancia;f2_inequidad
0;611573.6500000006;0.22176356136308215
1;615921.0900000005;0.15580992714983696
2;612826.2800000006;0.16405087384401332
3;612204.8000000006;0.19686879950553363
4;611629.7800000006;0.20054514023402406
