id;f1_distancia;f2_inequidad
0;207974.41999999995;0.2802528620133373
1;224421.68000000008;0.1428261375083551
2;212767.12000000008;0.22852182001336813
3;222348.54000000012;0.17672758383707077
4;220644.50000000015;0.21778557242286634
5;207985.25000000003;0.26562295750848725
6;221407.2300000001;0.20344259359556174
