id;f1_distancia;f2_inequidad
0;212570.95999999993;0.338886042793149
1;220727.94000000012;0.2126225137028846
2;217617.74000000014;0.2971800333505302
3;220038.2000000001;0.22356797375493856
