id;f1_distancia;f2_inequidad
0;245460.05000000002;0.22449789655040334
1;204588.94999999998;0.3353843152100123
2;211676.66000000012;0.2595067436503339
