id;f1_distancia;f2_inequidad
0;611629.7800000006;0.1834586437718577
1;625959.0100000006;0.18087245160609727
2;622864.2000000005;0.18154609435347266
