id;f1_distancia;f2_inequidad
0;607021.4400000006;0.2167528812344544
1;614945.4700000002;0.15991788664420875
2;607846.5200000006;0.1741569922770383
