id;f1_distancia;f2_inequidad
0;208455.43999999994;0.3106612571059782
1;237086.91000000015;0.19561157657175843
2;216618.36000000013;0.26611270586392943
3;210525.41999999995;0.2706730294818619
4;215357.1300000001;0.26819225069590164
