id;f1_distancia;f2_inequidad
0;239202.63000000006;0.25654623798103576
1;213434.53999999992;0.36664299165991604
2;217913.88000000015;0.2813348637399133
3;228815.13000000003;0.275347003292613
