id;f1_distancia;f2_inequidad
0;219672.0600000001;0.20374105297329426
1;206621.94000000003;0.28124228384477007
2;211228.8200000001;0.22220486043288978
3;211693.96000000005;0.21586389744981035
4;207692.00000000006;0.2516266524480708
5;207341.84000000003;0.2589709872210056
6;206972.10000000003;0.2711856682545496
