id;f1_distancia;f2_inequidad
0;216975.14000000007;0.23392781412697006
1;211164.84999999992;0.3155407615859197
2;216364.5300000001;0.2857434260933322
