id;f1_distancia;f2_inequidad
0;219148.7800000001;0.2079997329058115
1;209863.85000000003;0.27182510717166813
2;216852.35000000006;0.22999849033320982
