id;f1_distancia;f2_inequidad
0;658601.8900000002;0.1729260300395356
1;609813.6900000005;0.2130876381978419
2;614803.2800000006;0.1843712757833616
3;610133.7600000006;0.2045379791435062
