id;f1_distancia;f2_inequidad
0;266042.81999999995;0.544463931057166
