id;f1_distancia;f2_inequidad
0;660823.62;0.1608692209529219
1;609902.7700000005;0.1796768848766707
2;610727.8500000006;0.1707616640187062
3;658457.83;0.16494369008372978
