id;f1_distancia;f2_inequidad
0;212371.15999999992;0.2198089448184997
1;209793.85999999996;0.31532060404187573
2;212342.38999999993;0.22695906385660541
3;210496.64999999997;0.23771919709326533
4;209822.62999999995;0.31155412406550204
5;210467.87999999998;0.24320630245854155
