id;f1_distancia;f2_inequidad
0;223393.7000000001;0.22138296381308728
1;211278.32999999996;0.342554740151118
2;215101.38000000006;0.2896357866163794
3;213749.8100000001;0.29223159575164953
4;211514.47999999998;0.33788558221188814
