id;f1_distancia;f2_inequidad
0;210778.64999999997;0.3374742788552764
1;244191.38000000006;0.18408935028645435
2;220935.1000000001;0.2687419249432851
3;244147.11000000007;0.19144008346100239
4;213749.8100000001;0.2971800333505302
5;211227.31000000014;0.3187431916484213
