id;f1_distancia;f2_inequidad
0;265788.80999999994;0.5261190124655997
1;264842.8899999999;0.5663448841278411
