id;f1_distancia;f2_inequidad
0;208359.91999999995;0.29718003335053017
1;236698.8100000001;0.1421560175769333
2;212359.71000000008;0.2079997329058115
3;236328.0500000001;0.20052015692526598
4;208735.76;0.27835703491898467
