id;f1_distancia;f2_inequidad
0;260614.2099999999;0.4372208931135381
1;265788.80999999994;0.39294450237208356
2;262530.2499999999;0.4179342697356181
