id;f1_distancia;f2_inequidad
0;611629.7800000006;0.1834586437718577
1;614939.5500000006;0.14635410874479873
