id;f1_distancia;f2_inequidad
0;612649.9400000006;0.18015394621250322
1;609763.9200000006;0.1909573019345146
