id;f1_distancia;f2_inequidad
0;214470.33000000013;0.20779096066319486
1;212478.48999999993;0.31155412406550204
