id;f1_distancia;f2_inequidad
0;305619.9600000001;0.474587494494488
1;265788.80999999994;0.48252334248372547
