id;f1_distancia;f2_inequidad
0;216799.41000000012;0.1925252508691321
1;206165.66999999998;0.3095695936834451
2;207239.38000000003;0.26375362030164096
3;212328.27999999994;0.25950674365033366
4;212339.11;0.24996527536617738
5;206176.50000000003;0.292854723180093
6;206849.47000000003;0.2871072196158702
7;207228.54999999996;0.27534700329261286
