id;f1_distancia;f2_inequidad
0;611629.7800000006;0.2130876381978419
1;660823.62;0.13926205835918662
2;614939.5500000006;0.1661763927453577
3;613458.9200000006;0.18773382230463795
4;613963.8700000005;0.16727463777679918
5;612134.7300000004;0.1980954082544176
