id;f1_distancia;f2_inequidad
0;613036.8300000005;0.16678360968913433
1;611629.7800000006;0.17590056714372576
