id;f1_distancia;f2_inequidad
0;605812.3000000005;0.20889308753877994
1;638499.6100000003;0.17147503177849976
2;606791.5600000005;0.1840502967092148
