id;f1_distancia;f2_inequidad
0;243114.30000000005;0.17073167707123232
1;208320.98999999993;0.31021385992390604
2;219348.90000000014;0.1968060946436591
3;241189.67000000004;0.18703646406219537
4;208868.50000000015;0.2598076211353316
5;213859.29000000015;0.2318030174283521
6;243012.05000000005;0.181381657163991
