id;f1_distancia;f2_inequidad
0;212435.8800000001;0.20412414523193156
1;206572.69;0.39651257511234383
2;208211.05000000002;0.3139134700306226
3;211912.0800000001;0.21969043877440123
