id;f1_distancia;f2_inequidad
0;251353.23000000004;0.22345146129653212
1;209259.94999999995;0.34880749227427243
2;219081.93000000014;0.2368411915187053
3;214044.15000000008;0.27525240941522916
4;213790.1600000001;0.3068375882377443
5;209635.79;0.32231799343022854
6;212363.33000000013;0.3106612571059782
