id;f1_distancia;f2_inequidad
0;265788.80999999994;0.5286907308520633
1;264842.8899999999;0.5921029787967631
