id;f1_distancia;f2_inequidad
0;208559.64000000013;0.2733536577809455
1;215609.84000000008;0.18366447367111835
2;211893.1400000001;0.22999849033320977
3;211428.00000000015;0.24148700218070168
4;209426.1100000001;0.24576270171764383
5;208813.63000000012;0.2521780125229003
