id;f1_distancia;f2_inequidad
0;611629.7800000006;0.2094857449654988
1;657790.9899999999;0.17993147499356352
2;628209.4600000002;0.19701407228351578
