id;f1_distancia;f2_inequidad
0;263723.37;0.5782657486326391
1;266042.79999999993;0.49187738245928736
