id;f1_distancia;f2_inequidad
0;211086.08999999994;0.3382707249132465
1;217693.86000000013;0.2057759704144292
2;212748.45000000013;0.2943920288775949
