id;f1_distancia;f2_inequidad
0;609881.2400000006;0.2050595229658559
1;633959.09;0.14914254844228517
2;613036.8300000005;0.19417638315057137
3;611288.2900000005;0.19686879950553363
