id;f1_distancia;f2_inequidad
0;267231.29999999993;0.5447627860413701
