id;f1_distancia;f2_inequidad
0;609902.7700000005;0.17882563344703795
1;610727.8500000006;0.14299222826346192
