id;f1_distancia;f2_inequidad
0;657458.2300000003;0.1426583678306652
1;611540.7000000007;0.1784839961039487
2;612365.7800000006;0.14490028899212037
