id;f1_distancia;f2_inequidad
0;208294.55999999994;0.28431203515386616
1;226868.3800000001;0.20374105297329417
2;225807.62000000002;0.23713422125220332
3;226557.17000000007;0.2290908965648546
