id;f1_distancia;f2_inequidad
0;602196.0300000005;0.21194781197266463
1;621005.0700000001;0.17394878186103374
2;611629.7800000006;0.20954946963571483
