id;f1_distancia;f2_inequidad
0;219797.9500000002;0.19148542155126771
1;206196.74000000005;0.3085584763595603
2;207085.01000000004;0.25897098722100553
3;214705.75000000015;0.2099933861392359
4;206533.02000000002;0.3077697552103232
5;216057.3200000001;0.20611317010052738
