id;f1_distancia;f2_inequidad
0;238748.8300000001;0.2457627017176438
1;210234.24999999997;0.30368111930481
2;234722.3000000001;0.26190408549696215
3;219767.01000000007;0.2886450627019667
4;215627.5200000001;0.2972092416687835
5;216611.80000000013;0.2914284741674287
6;217913.88000000015;0.29047375096555633
