id;f1_distancia;f2_inequidad
0;217866.47000000012;0.21694693411574695
1;203927.8;0.22634628092568443
