id;f1_distancia;f2_inequidad
0;609426.9600000007;0.23215090559536916
1;612454.8600000006;0.16038236705482736
2;610252.0400000006;0.1994005757253709
