id;f1_distancia;f2_inequidad
0;223087.42000000007;0.23094010767585038
1;212433.3699999999;0.34791042908580166
2;215028.4300000001;0.28182810955143106
3;212449.42000000016;0.2967415635794144
