id;f1_distancia;f2_inequidad
0;205853.66999999998;0.34153961052205284
1;242742.9900000001;0.1526956850150724
2;215028.4300000001;0.21015867021530824
3;206417.91;0.3372427002751711
4;207492.02999999997;0.30092450142112986
5;212290.35999999993;0.24309920243024713
6;210415.84999999998;0.2715375460021854
7;211726.1199999999;0.252074724370903
8;208056.27;0.29297326385411576
9;209851.60999999996;0.27885554802920226
