id;f1_distancia;f2_inequidad
0;212508.74999999994;0.33901409344679984
1;214038.74000000017;0.24491353349475997
2;218842.9100000001;0.23507534253227566
