id;f1_distancia;f2_inequidad
0;248094.69000000012;0.16996731711975954
1;207825.98999999996;0.3200477394945253
2;210074.18000000005;0.2470661180062265
3;234283.94999999998;0.24438130497691968
4;234993.65999999997;0.20779096066319466
