id;f1_distancia;f2_inequidad
0;209084.26000000013;0.35116373990237393
1;212342.69000000015;0.24801293649055214
2;210174.22000000015;0.28087165910587847
