id;f1_distancia;f2_inequidad
0;264350.5999999999;0.5102040373441025
1;266312.48;0.44092779194368475
2;265296.51999999996;0.4732423621500228
