id;f1_distancia;f2_inequidad
0;609125.9700000006;0.16009669243221228
1;659657.32;0.14697833382929054
