id;f1_distancia;f2_inequidad
0;213193.80999999994;0.33413964978068006
1;222508.1500000001;0.1755447869411742
2;213204.63999999998;0.295774642065355
3;219929.4900000001;0.21274495685366238
