id;f1_distancia;f2_inequidad
0;202066.19;0.2864715906023183
1;203242.1;0.24829278192399298
