id;f1_distancia;f2_inequidad
0;212435.8800000001;0.28903575326707714
1;222164.33000000013;0.2179051144165481
2;220936.84000000014;0.22969635753896217
