id;f1_distancia;f2_inequidad
0;211100.96000000014;0.21404665898402192
