id;f1_distancia;f2_inequidad
0;266033.87999999995;0.557826845831711
1;271999.85000000003;0.4616358292950071
2;267402.62999999995;0.49201523660914764
