id;f1_distancia;f2_inequidad
0;211067.36999999997;0.2955397604384222
1;218808.8300000001;0.1996089927833915
2;213146.13000000012;0.24309920243024713
3;215442.56000000014;0.22634628092568462
4;216512.4000000001;0.21794494717703372
