id;f1_distancia;f2_inequidad
0;210709.10999999993;0.2629625554248276
1;241268.07000000007;0.1526956850150725
2;211424.90000000017;0.20678591989462594
3;237557.0700000001;0.1753963764987433
4;211084.94999999998;0.2388848513870695
