id;f1_distancia;f2_inequidad
0;604197.6200000006;0.17729383934234713
1;654393.1299999999;0.14944916356485363
2;651125.4700000001;0.15258144517636926
3;604221.7100000007;0.17204137898768532
