id;f1_distancia;f2_inequidad
0;660823.62;0.17088448603767217
1;601295.7400000006;0.24556615071096424
2;625525.3900000002;0.18582421706666089
3;609045.4000000006;0.2260146258187385
4;609645.6400000006;0.1991421421332951
5;611629.7800000006;0.1943629260468271
6;601895.9800000006;0.23512250588456543
