id;f1_distancia;f2_inequidad
0;210097.25999999995;0.31917863337009256
1;217919.4100000001;0.20598678490513797
2;213909.3600000001;0.2091235015221601
3;212444.19999999995;0.24944382578492938
4;210569.69;0.2598076211353315
5;210108.09;0.28528737947706145
