id;f1_distancia;f2_inequidad
0;611170.9700000007;0.19729462967459985
1;630484.7100000002;0.1583838666618226
