id;f1_distancia;f2_inequidad
0;264144.06999999995;0.42644769771789004
