id;f1_distancia;f2_inequidad
0;297472.9400000002;0.4244072664054867
1;264842.8899999999;0.5036487956651936
2;290509.54000000015;0.47686835585876786
