id;f1_distancia;f2_inequidad
0;210338.56999999998;0.32145502536643183
1;246360.70000000013;0.21110654234822337
2;246160.8900000001;0.2409472049133494
3;217374.8500000001;0.26999871398870695
4;210714.41000000003;0.2914284741674285
5;213210.7800000001;0.27534700329261297
