id;f1_distancia;f2_inequidad
0;610048.6700000003;0.2080146895870202
1;642692.6400000004;0.12783647009338728
2;611455.7200000003;0.1982205383807074
