id;f1_distancia;f2_inequidad
0;597984.1200000005;0.2353819514872317
1;602543.0600000005;0.1498188196153524
2;599391.1700000005;0.22956489872062186
3;601136.0100000006;0.1680936127474342
