id;f1_distancia;f2_inequidad
0;282674.0600000001;0.46666201634587745
1;265909.42999999993;0.5456335114520041
2;266042.79999999993;0.4865542375128047
