id;f1_distancia;f2_inequidad
0;614664.2300000004;0.13777493819178435
1;609667.1600000005;0.1834586437718577
