id;f1_distancia;f2_inequidad
0;272282.02;0.4523460738042402
1;267402.62999999995;0.46573101887725327
