id;f1_distancia;f2_inequidad
0;209402.45000000016;0.35316033500695165
1;218572.9200000001;0.20395397084200703
2;213495.82000000012;0.30034702151566844
3;213749.8100000001;0.23329612798615706
4;209656.44000000015;0.3052492151232062
5;215351.4300000001;0.2315032397181518
6;211258.06000000014;0.30388114452858056
