id;f1_distancia;f2_inequidad
0;260706.68999999994;0.4786002086525061
1;297472.9400000002;0.3022180015917501
2;270760.68;0.3691308649870817
3;290615.8800000001;0.3233783661724037
4;265881.29;0.39253007669618273
5;262622.73;0.4590134631740121
6;264935.36999999994;0.42103826487162793
7;295201.46000000014;0.32258047015004204
