id;f1_distancia;f2_inequidad
0;626183.5100000002;0.14728945430549117
1;605938.4700000006;0.21078372577771362
2;622020.5200000007;0.17736913020480585
3;625786.1000000007;0.16237976320958225
4;622691.2900000007;0.16955105011102115
5;625115.3300000008;0.1664516333360366
