id;f1_distancia;f2_inequidad
0;210707.28;0.3217789096051303
1;220901.43000000008;0.19786183450972947
2;216058.94000000006;0.22817969283488448
3;214707.3700000001;0.23078970706877056
