id;f1_distancia;f2_inequidad
0;609763.9200000006;0.1943629260468271
1;656581.52;0.15289363899047598
2;613380.2800000005;0.18304230681452957
