id;f1_distancia;f2_inequidad
0;622014.4600000001;0.1671833929110017
1;608124.7000000005;0.18516613897642706
2;609953.8400000005;0.172395784160995
