id;f1_distancia;f2_inequidad
0;612115.7300000006;0.16246196595160164
1;609580.9100000006;0.17959194130266362
2;611309.8200000005;0.171875
3;609847.1900000005;0.17736913020480585
