id;f1_distancia;f2_inequidad
0;217671.4700000001;0.2041241452319315
1;206538.35;0.2494438257849294
2;215147.8200000001;0.2153807997220015
3;210243.44999999998;0.2357022603955158
4;210003.43999999997;0.24022558842332617
