id;f1_distancia;f2_inequidad
0;610004.1400000006;0.2047616605873384
1;613458.9200000006;0.16845632359452814
2;611629.7800000006;0.19207273949173365
3;611833.2800000006;0.187245514147494
