id;f1_distancia;f2_inequidad
0;633001.7599999999;0.16863738646941365
1;611629.7800000006;0.20784039991285982
2;628209.4600000002;0.18810936137241416
3;613036.8300000005;0.20278667738152203
