id;f1_distancia;f2_inequidad
0;239261.16000000006;0.20344259359556166
1;206574.22000000015;0.26375362030164096
2;208448.73000000013;0.2184223737013526
