id;f1_distancia;f2_inequidad
0;206905.40999999997;0.3144660377352201
1;220934.34000000008;0.22043990110685507
2;206916.24;0.2808716591058785
3;216987.88000000015;0.23746344747958356
4;218339.4500000001;0.2353705707083101
