id;f1_distancia;f2_inequidad
0;202945.44999999995;0.40549609533672853
1;218452.31000000008;0.23801114586412872
2;213303.12000000008;0.26137324312603666
3;206871.64999999997;0.381312608702565
4;208520.84000000003;0.31611794563984424
5;202956.27999999997;0.38619853127058307
6;206882.48000000004;0.3509659290206577
7;208510.00999999998;0.3357206179747281
8;215873.65000000008;0.2554611842661556
9;215881.7800000001;0.24632718756429098
