id;f1_distancia;f2_inequidad
0;611573.6500000006;0.23593232610221093
1;636575.0200000008;0.17026948998205757
2;612454.8600000006;0.17328963291264715
3;612398.7300000006;0.20705888671670042
4;611629.7800000006;0.20954946963571483
