id;f1_distancia;f2_inequidad
0;265632.45999999996;0.46010547552828707
