id;f1_distancia;f2_inequidad
0;608592.9700000006;0.1847123502740139
1;612918.4300000005;0.15643299830593407
2;610577.1100000006;0.17624721227294454
3;610000.0200000006;0.17959194130266362
