id;f1_distancia;f2_inequidad
0;223105.64000000013;0.1779513042005219
1;206787.26;0.31611794563984424
2;215779.3200000001;0.21110654234822337
3;212454.3700000002;0.2644438608770406
4;211886.99;0.2787621447279621
5;218075.7500000001;0.18856180831641275
6;208370.86;0.30479387388127666
7;220535.11000000013;0.1823839052353275
