id;f1_distancia;f2_inequidad
0;611484.5700000006;0.21128985328124342
1;625360.7300000001;0.17798102734210183
2;611540.7000000007;0.1899257153303628
