id;f1_distancia;f2_inequidad
0;267402.62999999995;0.433231909204271
1;264842.8899999999;0.504294706537424
2;265788.80999999994;0.4662840228128727
3;266456.70999999996;0.46581837893408384
