id;f1_distancia;f2_inequidad
0;301574.3800000001;0.4249182927993987
1;264593.19999999995;0.5678755487682922
2;265718.6;0.5244664947989212
3;299690.5600000001;0.42644769771789
4;265539.11999999994;0.5426423504354513
5;264772.67999999993;0.5556830365890053
