id;f1_distancia;f2_inequidad
0;611629.7800000006;0.20498509794826397
1;628209.4600000002;0.19023678129894958
2;613036.8300000005;0.19764235376052372
