id;f1_distancia;f2_inequidad
0;611573.6500000006;0.23593232610221093
1;625959.0100000006;0.16568210984725387
2;612964.9200000005;0.21075657750337828
3;611629.7800000006;0.2130876381978419
