id;f1_distancia;f2_inequidad
0;267231.29999999993;0.4409585518440983
1;266285.37999999995;0.498151966717431
