id;f1_distancia;f2_inequidad
0;611091.9100000005;0.19079742138157785
1;625288.2400000006;0.16535945694153692
2;612788.4000000006;0.17604147405068357
