id;f1_distancia;f2_inequidad
0;206040.74;0.3566822426505448
1;216890.5400000001;0.20812489572903636
2;211482.04000000015;0.2165063509461097
3;206416.58000000005;0.31046560016995267
