id;f1_distancia;f2_inequidad
0;217409.40000000008;0.2077909606631948
1;206327.69999999995;0.3660743321603779
2;210508.96999999994;0.3616128992291189
3;211498.3800000001;0.2443813049769198
4;216624.43000000008;0.21501776412401125
5;214579.7800000001;0.21980894481849977
6;212283.35000000006;0.2374634474795836
7;213794.81000000008;0.22418835087191022
