id;f1_distancia;f2_inequidad
0;610694.1500000005;0.1801962905417312
1;609869.0700000005;0.20001182521193434
