id;f1_distancia;f2_inequidad
0;211834.2500000001;0.3088677800541123
1;230011.97999999998;0.19960899278339136
2;216106.94000000015;0.2327000334240534
3;221035.22000000012;0.22592402852876606
