id;f1_distancia;f2_inequidad
0;267402.62999999995;0.5086064839889044
1;300160.42;0.4709439398107216
2;271999.85000000003;0.4818763960925158
