id;f1_distancia;f2_inequidad
0;312698.5800000001;0.39733814839084686
1;265356.73999999993;0.5277663558705584
2;266302.66;0.476441526084553
3;304960.8900000001;0.44280023555900594
4;312581.7100000001;0.4047448077183945
