id;f1_distancia;f2_inequidad
0;265013.1499999999;0.5236382803148668
1;277521.39999999997;0.40491232761618356
2;265502.88999999996;0.457859603663248
