id;f1_distancia;f2_inequidad
0;611629.7800000006;0.19396999543965396
1;660554.8500000008;0.17218544406667335
