id;f1_distancia;f2_inequidad
0;614664.2300000004;0.13531646934131855
1;609667.1600000005;0.1583838666618226
