id;f1_distancia;f2_inequidad
0;222098.7200000001;0.20799973290581153
1;210637.97;0.2676738791058169
2;211676.66000000012;0.2532771319238189
