id;f1_distancia;f2_inequidad
0;635168.77;0.1711632992203644
1;606722.4400000004;0.20372507516258279
2;609650.5800000005;0.17147503177849976
3;608470.9800000004;0.20248547160460056
