id;f1_distancia;f2_inequidad
0;263493.8999999999;0.4521361336293896
1;279277.55999999994;0.36309218870694543
2;264439.81999999995;0.42129589883477375
