id;f1_distancia;f2_inequidad
0;623480.0400000006;0.1405707360581764
1;597662.6600000006;0.20551478809321727
2;597718.7900000006;0.15934435979977452
