id;f1_distancia;f2_inequidad
0;219566.8400000001;0.2027159342528357
1;209143.63999999996;0.36398164636268243
2;211899.65999999995;0.267576572633372
3;216799.41000000012;0.2285218200133682
4;209154.47;0.3473860724515785
5;211888.82999999993;0.278388218141501
6;219095.8400000001;0.2091235015221601
7;217270.41000000012;0.22220486043288973
