id;f1_distancia;f2_inequidad
0;213434.53999999992;0.32649230040266214
1;219286.73000000016;0.21110654234822332
2;213824.44999999992;0.29720924166878343
