id;f1_distancia;f2_inequidad
0;212113.20000000016;0.2530027997210045
1;210967.61999999994;0.3510895738823482
2;211859.21000000014;0.31313823713426553
