id;f1_distancia;f2_inequidad
0;613217.0100000005;0.1711632992203644
1;611387.8700000006;0.20477097534501806
2;611629.7800000006;0.2024383677186945
