id;f1_distancia;f2_inequidad
0;611540.7000000007;0.19196347461415023
1;612947.7500000006;0.18111483038975404
