id;f1_distancia;f2_inequidad
0;213787.45000000004;0.23888485138706947
1;205962.80000000005;0.26496855159307753
2;212435.8800000001;0.24137913929933738
