id;f1_distancia;f2_inequidad
0;208672.16000000015;0.3282688176885928
1;213749.8100000001;0.26269833776913537
2;209656.44000000015;0.31841621957571337
3;212765.53000000012;0.26912925436591895
