id;f1_distancia;f2_inequidad
0;613615.1900000005;0.16517480087395292
1;607684.0300000005;0.18552631465033304
2;609667.1600000005;0.18329222247100224
3;611632.0600000005;0.16968598928885525
