id;f1_distancia;f2_inequidad
0;203792.03000000003;0.2872281323269014
1;217919.4100000001;0.22356797375493861
2;203802.86000000004;0.244807180359473
