id;f1_distancia;f2_inequidad
0;638616.3900000008;0.16038236705482736
1;611629.7800000006;0.19640320453088336
