id;f1_distancia;f2_inequidad
0;212435.8800000001;0.2165063509461097
1;209130.96999999997;0.26614532371118854
