id;f1_distancia;f2_inequidad
0;217866.47000000012;0.18814703174792735
1;212635.61999999994;0.291993864090783
2;214565.55000000008;0.2546443598432921
3;214838.0100000001;0.21457321982639554
4;217134.4400000001;0.1975105482415222
5;215570.04000000012;0.2054804667656326
6;213175.83999999997;0.2718251071716681
7;212714.24;0.2835477130141512
8;213165.00999999995;0.278762144727962
