id;f1_distancia;f2_inequidad
0;218373.58000000016;0.20615528128088306
1;211779.81999999998;0.34336468303475165
2;216077.15000000014;0.2260392665003141
3;212015.96999999994;0.34268141991586804
