id;f1_distancia;f2_inequidad
0;662626.27;0.1490018056465676
1;608990.9000000005;0.15467960838455727
