id;f1_distancia;f2_inequidad
0;212005.13999999993;0.37078651389834666
1;215254.1500000002;0.23258809561588112
