id;f1_distancia;f2_inequidad
0;207442.45999999996;0.33623735003053357
1;222529.79;0.2216964265737171
2;212435.8800000001;0.26286350492645855
3;208622.34999999998;0.3181707700102084
