id;f1_distancia;f2_inequidad
0;260457.85999999993;0.48184824828466494
1;279445.35;0.40811537550332777
2;261651.62999999995;0.45735572823872866
3;277746.11;0.4098399077688751
