id;f1_distancia;f2_inequidad
0;220038.2000000001;0.20408161493764093
1;209699.00999999998;0.2861380785564899
2;217741.7700000001;0.22157893000513884
