id;f1_distancia;f2_inequidad
0;208709.60000000012;0.31882488227168765
1;211873.44000000015;0.2235679737549384
2;210889.16000000015;0.26601482832520607
