id;f1_distancia;f2_inequidad
0;658601.8900000002;0.18237419076992328
1;608776.1200000006;0.2130876381978419
2;615235.8600000006;0.18582421706666089
