id;f1_distancia;f2_inequidad
0;611484.5700000006;0.22391196073928113
1;612365.7800000006;0.17258376589355096
2;611540.7000000007;0.19872027096838912
