id;f1_distancia;f2_inequidad
0;611629.7800000006;0.16714916324480208
1;644850.8900000004;0.16255586104162587
