id;f1_distancia;f2_inequidad
0;262794.64999999997;0.5626687632637676
1;290536.1400000001;0.37351412800514583
2;263444.26999999996;0.45545378584623336
3;271999.85000000003;0.42819342518889764
4;286404.30000000005;0.3767321108338568
5;267402.62999999995;0.4352309711680556
