id;f1_distancia;f2_inequidad
0;266456.70999999996;0.590336496262466
1;290446.67;0.4761852445769165
2;269458.55;0.5559026693385971
3;267402.62999999995;0.5607370134598652
