id;f1_distancia;f2_inequidad
0;281190.2299999999;0.5383512316426061
1;266456.70999999996;0.5694020986965187
2;267402.62999999995;0.5448623679425842
