id;f1_distancia;f2_inequidad
0;613036.8300000005;0.18619336387207788
1;611629.7800000006;0.1907274314958391
