id;f1_distancia;f2_inequidad
0;263671.7299999999;0.46198826794868103
1;264617.64999999997;0.39965262694272663
