id;f1_distancia;f2_inequidad
0;267152.93999999994;0.46010547552828707
