id;f1_distancia;f2_inequidad
0;210519.64000000013;0.3362373500305335
1;219604.39000000007;0.2120911098770736
2;216035.2800000001;0.28281202041088865
3;216364.5300000001;0.25300279972100453
4;219094.38000000006;0.240622745299682
5;211871.21000000008;0.33455505276909697
6;212200.46000000008;0.30751580808508394
7;213552.03000000003;0.3053913700301448
8;214683.71000000014;0.2841898817496656
9;217716.10000000003;0.2511086528886562
