id;f1_distancia;f2_inequidad
0;635168.77;0.16791196351134238
1;607717.9200000005;0.2094857449654988
2;613487.1500000005;0.19947708434237346
3;609738.1300000005;0.20550550704965154
