id;f1_distancia;f2_inequidad
0;211127.37000000002;0.21274495685366243
1;214532.55000000002;0.1703244452997475
