id;f1_distancia;f2_inequidad
0;611424.2400000006;0.18716400559465052
1;615235.8600000006;0.1574053961598343
2;613397.6500000006;0.16488586177143683
