id;f1_distancia;f2_inequidad
0;301573.2100000001;0.4509045211048318
1;266804.76999999996;0.49432543823769476
2;301027.0300000001;0.45452967144315476
