id;f1_distancia;f2_inequidad
0;611629.7800000006;0.19068742574154568
1;612454.8600000006;0.15933238937119587
