id;f1_distancia;f2_inequidad
0;210593.75999999998;0.3223179934302286
1;220934.34000000008;0.22043990110685502
2;219982.63000000015;0.30066477272130765
