id;f1_distancia;f2_inequidad
0;213256.01999999993;0.35175650511239853
1;213950.24000000014;0.1957890020745122
2;213631.86;0.31021385992390627
