id;f1_distancia;f2_inequidad
0;615235.8600000006;0.13887803777055607
1;611540.7000000007;0.1608217878924914
