id;f1_distancia;f2_inequidad
0;609902.7700000005;0.19302369852782164
1;657822.8400000001;0.16443410296757177
2;645566.7500000001;0.1887975933374152
