id;f1_distancia;f2_inequidad
0;647735.6500000003;0.15304326581374791
1;611387.8700000006;0.18878749045615914
2;631726.7899999999;0.1752922886912296
