id;f1_distancia;f2_inequidad
0;211142.51999999993;0.24094720491334928
1;212780.87999999992;0.2169469341157469
