id;f1_distancia;f2_inequidad
0;626197.4700000001;0.16104697050545339
1;602241.8400000005;0.18229050408855468
2;625478.0500000006;0.16461958988832404
