id;f1_distancia;f2_inequidad
0;611629.7800000006;0.2094857449654988
1;641740.6300000004;0.18018570539233786
2;613525.5400000005;0.194833396752801
