id;f1_distancia;f2_inequidad
0;218186.94000000012;0.18484227510682363
1;208860.55999999994;0.3099058996964509
2;215062.53000000012;0.26030831079062133
3;209174.19;0.2956865833201695
4;217641.19000000012;0.21501776412401116
5;215608.28000000012;0.23964673074247347
