id;f1_distancia;f2_inequidad
0;619034.8900000006;0.17345465497928955
1;611629.7800000006;0.19686879950553363
2;613187.3800000006;0.17464913207896998
3;611949.8500000006;0.18647997284812518
