id;f1_distancia;f2_inequidad
0;223393.7000000001;0.20395397084200703
1;212897.16999999993;0.25491692546570716
2;222608.7300000001;0.21842237370135267
3;213434.53999999992;0.2440614107601245
