id;f1_distancia;f2_inequidad
0;303835.9900000001;0.49201523660914775
1;260614.2099999999;0.5612447413760082
2;302136.3600000001;0.5104963798299107
