id;f1_distancia;f2_inequidad
0;212435.8800000001;0.18027756377319953
1;207446.87000000008;0.26718699236469
2;211912.0800000001;0.2192157739660985
3;207970.67000000007;0.23629078131263045
