id;f1_distancia;f2_inequidad
0;611629.7800000006;0.209622274109252
1;628201.3100000002;0.19039713263396163
