id;f1_distancia;f2_inequidad
0;212927.2200000001;0.22484562605386746
1;207352.54999999996;0.2867441755680875
2;207728.38999999998;0.2687419249432849
