id;f1_distancia;f2_inequidad
0;611573.6500000006;0.22262198201210948
1;612005.3000000007;0.16308301363396954
2;611629.7800000006;0.20084925587112434
