id;f1_distancia;f2_inequidad
0;239917.07000000007;0.20779096066319477
1;211203.76999999993;0.3683437027198012
2;217913.88000000015;0.2413791392993374
3;213053.36000000013;0.29533408577782244
4;211579.61;0.34758592063290217
5;212688.06000000014;0.3085584763595603
