id;f1_distancia;f2_inequidad
0;221719.31000000008;0.2158638974498104
1;213372.32999999993;0.3585270794049826
2;213748.16999999998;0.3157882553582736
3;215028.4300000001;0.26269833776913537
