id;f1_distancia;f2_inequidad
0;211589.40000000014;0.2384848003542365
1;204208.35000000003;0.2943625410196677
2;205846.71000000008;0.25927248643506756
