id;f1_distancia;f2_inequidad
0;209771.00999999995;0.3353843152100123
1;220823.17000000013;0.21307112792576002
2;212200.46000000008;0.30402393911591175
3;210146.85;0.32657205262476996
