id;f1_distancia;f2_inequidad
0;207841.23;0.3529390488770294
1;208796.27000000016;0.2253084305765963
