id;f1_distancia;f2_inequidad
0;206843.89000000013;0.32004773949452514
1;216619.5200000001;0.15456030825826178
2;207817.7800000001;0.2981423969999718
3;207097.88000000012;0.30368111930480984
