id;f1_distancia;f2_inequidad
0;611629.7800000006;0.20175885239930458
1;624871.4900000002;0.17311343598562765
2;614758.1100000006;0.18822086363062776
