id;f1_distancia;f2_inequidad
0;611629.7800000006;0.19396999543965396
1;612454.8600000006;0.15289363899047598
