id;f1_distancia;f2_inequidad
0;210796.05000000013;0.2516266524480708
1;219529.35000000003;0.24062274529968194
2;214021.2700000001;0.24968730444297718
