id;f1_distancia;f2_inequidad
0;611424.2400000006;0.18601913583415114
1;615135.2000000005;0.14986973510352247
2;611629.7800000006;0.16932591251322845
