id;f1_distancia;f2_inequidad
0;611629.7800000006;0.19639349289814664
1;613458.9200000006;0.1728377686939674
