id;f1_distancia;f2_inequidad
0;264144.06999999995;0.5758447900452188
1;306143.64000000013;0.49377637060380564
2;304020.1800000001;0.5596959430004037
3;267402.62999999995;0.5734845670208669
