id;f1_distancia;f2_inequidad
0;265528.06999999995;0.5119025989710673
1;266473.98999999993;0.48187639609251576
