id;f1_distancia;f2_inequidad
0;263469.38;0.5508043361000953
1;297169.48000000004;0.4703675793698182
2;265083.19999999995;0.4930066485916346
