id;f1_distancia;f2_inequidad
0;209688.17999999996;0.32521360501813085
1;220823.17000000013;0.20476103958842684
2;211371.67999999996;0.3068375882377443
3;215028.4300000001;0.2248456260538675
4;209699.00999999998;0.32403703492039293
