id;f1_distancia;f2_inequidad
0;209284.6000000001;0.2823512391016237
1;220869.35000000012;0.20712147536060949
2;209299.45;0.2605749518959095
