id;f1_distancia;f2_inequidad
0;220489.9400000001;0.24664414311581245
1;212972.93999999992;0.28647159060231836
