id;f1_distancia;f2_inequidad
0;217605.4500000001;0.23270003342405338
1;209707.87999999998;0.4219662967057387
2;211912.0800000001;0.28936592558366125
