id;f1_distancia;f2_inequidad
0;223351.92000000007;0.14624940645653542
1;203829.49000000002;0.32914029430219155
2;209912.6800000001;0.2203217344400382
3;220269.5200000001;0.158113883008419
