id;f1_distancia;f2_inequidad
0;611548.0100000005;0.15198023537078556
