id;f1_distancia;f2_inequidad
0;212080.10999999993;0.28903575326707714
1;222501.6000000001;0.20799973290581147
2;215608.65000000014;0.27509468067073445
3;216477.7900000001;0.2211083193570268
4;219028.07000000007;0.21984843263788204
5;219931.07000000012;0.21213203435596434
6;219048.32000000007;0.2158638974498104
