id;f1_distancia;f2_inequidad
0;217789.35000000015;0.1724013405464767
1;200229.3;0.35529232877855516
2;203518.71999999997;0.3068658773253662
3;215589.1800000002;0.24267032964268398
4;215715.8300000002;0.2379017070603366
5;217662.70000000016;0.18008485654145262
6;202974.48999999996;0.31685849452958575
