id;f1_distancia;f2_inequidad
0;218234.75000000015;0.14907119849998604
1;208031.7400000001;0.27128168017763393
2;212484.18000000014;0.2586020108197151
3;212649.43000000017;0.1989119710380002
4;218028.26000000015;0.16329931618554527
5;215152.35000000015;0.16749792701868157
6;214945.86000000016;0.1771690968789109
7;212855.92000000016;0.19252525086913205
