id;f1_distancia;f2_inequidad
0;206973.49999999997;0.32465259209739183
1;218804.3200000001;0.16577888553398143
2;209673.16000000018;0.21969043877440123
3;210810.66000000012;0.2106537443294091
