id;f1_distancia;f2_inequidad
0;306143.64000000013;0.374420849075238
1;264842.8899999999;0.5464283890639284
2;305769.9700000001;0.4767830204727419
3;267402.62999999995;0.48221404162927944
4;265788.80999999994;0.5166498653182185
