id;f1_distancia;f2_inequidad
0;203843.34000000003;0.31685849452958587
1;236151.7800000001;0.18888378261071895
2;216076.1500000001;0.20879116360612587
3;208144.82;0.27534700329261297
4;205481.70000000007;0.30550504633038933
5;206052.66000000003;0.28792239502260947
6;207691.02000000002;0.28235123910162363
