id;f1_distancia;f2_inequidad
0;208960.61;0.30524921512320613
1;217255.9200000001;0.216626598859266
2;209336.45000000004;0.27281327558118096
