id;f1_distancia;f2_inequidad
0;625959.0100000006;0.1514899955442603
1;609816.8800000005;0.18483622131751531
2;611223.9300000005;0.17736913020480585
