id;f1_distancia;f2_inequidad
0;264350.5999999999;0.4662840228128726
1;280808.86999999994;0.3903123748998998
2;264574.24999999994;0.42996361078261286
3;279277.55999999994;0.4187448175467037
