id;f1_distancia;f2_inequidad
0;209020.11000000002;0.28476964374736297
1;220112.05000000013;0.17554478694117417
2;213552.03000000003;0.240622745299682
3;219170.74000000014;0.18591926264435926
4;209740.01;0.26190408549696215
5;211832.17;0.24462982238476164
6;212200.46000000008;0.24309920243024716
