id;f1_distancia;f2_inequidad
0;221379.36000000013;0.20779096066319477
1;211797.81999999995;0.2802528620133371
2;212033.96999999994;0.2628635049264583
