id;f1_distancia;f2_inequidad
0;211193.06000000008;0.25041632002194536
1;217683.27000000014;0.18689717910004847
2;212544.63000000003;0.24119926064010516
3;217173.26000000013;0.22345146129653218
