id;f1_distancia;f2_inequidad
0;209226.97000000012;0.29834613566571744
1;250050.45;0.16409473889596013
2;222508.1500000001;0.21176342932621775
3;221858.00000000012;0.27271780286589287
4;209592.47000000006;0.27910447068356964
5;220506.43000000017;0.27458933984325684
