id;f1_distancia;f2_inequidad
0;220934.34000000008;0.20258742968572033
1;207083.54;0.24148700218070165
