id;f1_distancia;f2_inequidad
0;240208.39000000013;0.20509990790398286
1;210155.89999999994;0.33901409344679984
2;222111.39000000013;0.22542398324539975
3;210361.49000000017;0.27885554802920226
4;217244.43000000017;0.24094720491334945
