id;f1_distancia;f2_inequidad
0;212905.50000000015;0.3009245014211297
1;221967.61000000013;0.213924960883224
2;219700.89000000016;0.2385939717036735
3;221052.4600000001;0.23790170706033661
