id;f1_distancia;f2_inequidad
0;267402.62999999995;0.47344294322136765
1;264969.51;0.5391568456086472
