id;f1_distancia;f2_inequidad
0;656832.0000000003;0.1602871987526901
1;592532.9600000008;0.16293090029667293
