id;f1_distancia;f2_inequidad
0;213953.95000000007;0.21980894481849966
1;210192.8399999999;0.2855002918854316
