id;f1_distancia;f2_inequidad
0;265528.06999999995;0.47160588352458027
1;271607.74;0.32169628263921385
2;266473.98999999993;0.4467948646097744
3;268635.77999999997;0.37136548895783117
4;268935.41;0.3533999052851537
5;271308.11;0.325427069829444
