id;f1_distancia;f2_inequidad
0;302890.7300000001;0.3678425746460327
1;264842.8899999999;0.4653522691198573
2;265788.80999999994;0.4187124257603435
3;299436.5000000001;0.4112934796333256
