id;f1_distancia;f2_inequidad
0;265528.06999999995;0.5243371725198502
1;271353.38;0.45441029398306754
2;266473.98999999993;0.48566137429912115
