id;f1_distancia;f2_inequidad
0;279907.74999999994;0.37960139913101254
1;262824.25;0.4858847439208191
2;263770.17;0.4559300152648918
