id;f1_distancia;f2_inequidad
0;611091.9100000005;0.15046670153719852
