id;f1_distancia;f2_inequidad
0;610577.1100000006;0.17676590537412573
1;637722.0500000009;0.17026948998205757
