id;f1_distancia;f2_inequidad
0;616316.2500000007;0.17642027941887625
1;611573.6500000006;0.22203861704878614
2;611629.7800000006;0.19577094633201927
