id;f1_distancia;f2_inequidad
0;220646.28000000012;0.19467743977039453
1;209030.6100000001;0.32826881768859306
2;213749.8100000001;0.25789613542406326
3;209049.1800000001;0.2943625410196678
4;219704.9700000001;0.21372197672053608
