id;f1_distancia;f2_inequidad
0;208689.20999999993;0.28235123910162363
1;217297.3700000001;0.19574466077577252
2;211971.7699999999;0.22603926650031403
3;209226.57999999993;0.24438130497691962
4;210097.25999999995;0.23078970706877056
