id;f1_distancia;f2_inequidad
0;248791.1300000001;0.20099578491987238
1;213434.53999999992;0.34153961052205273
2;219230.3000000001;0.2520747243709029
3;223550.0400000001;0.2050999079039828
4;220934.34000000008;0.22634628092568454
