id;f1_distancia;f2_inequidad
0;609674.8400000005;0.1943629260468271
1;643612.0900000003;0.14904020322629186
2;612871.9000000006;0.17762702802215763
