id;f1_distancia;f2_inequidad
0;609881.2400000006;0.1949997495991982
1;627651.1599999999;0.17499825612970404
2;613036.8300000005;0.1873269872348466
3;611288.2900000005;0.18927182046328073
