id;f1_distancia;f2_inequidad
0;217866.47000000012;0.2240721609958126
1;206600.55;0.24874685927665502
2;216142.18000000014;0.23180301742835221
3;207187.88999999998;0.24148700218070168
