id;f1_distancia;f2_inequidad
0;599788.7300000006;0.1588528325592886
