id;f1_distancia;f2_inequidad
0;611540.7000000007;0.16881825514879714
1;616843.0000000007;0.1645152792284333
