id;f1_distancia;f2_inequidad
0;609229.0000000006;0.203125
1;621733.8200000002;0.17327862585366488
2;611629.7800000006;0.19318173658399848
