id;f1_distancia;f2_inequidad
0;215028.4300000001;0.25300279972100453
1;211797.81999999995;0.34840908267278115
2;213677.84999999995;0.3401133389523753
3;212033.96999999994;0.3445760277339223
