id;f1_distancia;f2_inequidad
0;657709.7899999999;0.12276754007670096
1;592329.4700000004;0.13160062912439857
