id;f1_distancia;f2_inequidad
0;639204.2700000008;0.17044862679118303
1;609763.9200000006;0.20669932117692114
2;626243.3300000001;0.19068742574154568
3;633810.8999999999;0.17499825612970404
