id;f1_distancia;f2_inequidad
0;617839.4800000002;0.1873269872348466
1;611629.7800000006;0.19302369852782164
2;613458.9200000006;0.18854485890195832
