id;f1_distancia;f2_inequidad
0;228480.04000000004;0.20812489572903634
1;210787.94000000012;0.3763632627602694
2;211274.89000000013;0.2449489742783179
