id;f1_distancia;f2_inequidad
0;611540.7000000007;0.19007629468909157
1;615348.9800000007;0.18967448408288706
2;620602.28;0.17814170357536827
