id;f1_distancia;f2_inequidad
0;220038.2000000001;0.15673535728170027
1;207286.46999999994;0.2924988129130708
2;212386.19999999992;0.2915178191618634
3;215163.1100000001;0.22669117514559076
4;217459.5400000001;0.20812489572903634
5;217741.7700000001;0.1854049621773916
