id;f1_distancia;f2_inequidad
0;206104.03999999995;0.3920875398286573
1;247350.98000000004;0.16996731711975954
2;207408.49999999994;0.3509659290206576
3;211912.0800000001;0.22075470298249344
4;220311.30000000013;0.2087911636061259
