id;f1_distancia;f2_inequidad
0;308933.8000000001;0.4443596653081576
1;264842.8899999999;0.5396346098544623
2;265788.80999999994;0.4999728725279892
3;305479.5700000001;0.46371719523086236
