id;f1_distancia;f2_inequidad
0;609460.3300000005;0.20092521285819104
1;662952.1200000002;0.18018570539233786
2;612588.6600000005;0.18295892573432807
