id;f1_distancia;f2_inequidad
0;209548.25000000003;0.29154759474226494
1;223750.16000000006;0.1580589728199222
2;217894.3600000001;0.248187876863924
3;221875.65000000008;0.1802294062823515
4;209771.48000000004;0.2838231060987733
