id;f1_distancia;f2_inequidad
0;258988.69000000003;0.5299207225823711
1;274619.69;0.4247905938354934
2;261551.6;0.46944393080182295
3;265538.49;0.4582149468317244
