id;f1_distancia;f2_inequidad
0;613084.6100000006;0.1304798601182741
1;609989.8000000005;0.13552773640102006
