id;f1_distancia;f2_inequidad
0;215744.23;0.2216964265737172
1;211277.15999999995;0.29709239116626474
2;211483.08000000002;0.2668944339788466
