id;f1_distancia;f2_inequidad
0;610977.7400000006;0.15814283187497782
