id;f1_distancia;f2_inequidad
0;225238.39000000004;0.1936043359248158
1;213434.53999999992;0.34072532926097526
2;222608.7300000001;0.2241883508719102
3;218195.5300000001;0.27910447068356975
