id;f1_distancia;f2_inequidad
0;217456.9000000001;0.23318447632722045
1;211831.19999999992;0.3377828033251873
2;211842.02999999994;0.314907393794853
