id;f1_distancia;f2_inequidad
0;629883.2400000007;0.18553659510996745
1;609869.0700000005;0.2094857449654988
2;626851.8200000006;0.1991421421332951
