id;f1_distancia;f2_inequidad
0;611091.9100000005;0.17839848454263668
1;623810.1800000006;0.12346469241624303
2;612921.0500000006;0.15623779249187558
