id;f1_distancia;f2_inequidad
0;609763.9200000006;0.1856085423838552
1;629426.45;0.17253955332310764
2;629130.5499999999;0.18271899318010157
3;658426.61;0.1544698397632508
