id;f1_distancia;f2_inequidad
0;601895.9800000006;0.21650635094610965
1;623480.0400000006;0.14562246426842726
2;613442.1200000006;0.15298093908918645
3;613036.8300000005;0.20536624106398305
4;603303.0300000006;0.21208275615661065
5;611629.7800000006;0.208381138720877
