id;f1_distancia;f2_inequidad
0;207471.22999999995;0.26296255542482766
1;212570.95999999993;0.22546248764114474
2;219020.26000000015;0.1953895681282226
3;218473.80000000013;0.20812489572903634
