id;f1_distancia;f2_inequidad
0;243934.72000000006;0.18479530717947243
1;209143.63999999996;0.3415650255319866
2;242946.20000000007;0.20598678490513797
3;210650.62999999995;0.33901409344679984
4;219490.3600000001;0.22110831935702668
5;214623.40000000014;0.24547997202759075
6;216919.8300000001;0.22592402852876606
