id;f1_distancia;f2_inequidad
0;210729.42999999993;0.32532035493238554
1;213916.99000000005;0.18465433171800286
