id;f1_distancia;f2_inequidad
0;212067.34999999992;0.37416573867739406
1;220704.0400000001;0.22669117514559078
2;212113.20000000016;0.2904737509655562
3;215226.0400000001;0.2856522750167101
4;217591.20000000016;0.23570226039551592
5;216277.27000000014;0.2481878768639239
