id;f1_distancia;f2_inequidad
0;220999.76000000013;0.19293061504650383
1;210227.74999999994;0.33124344857252974
2;215149.14000000013;0.23507534253227566
3;219983.23000000016;0.23270003342405343
4;220214.79000000012;0.20949675149960897
