id;f1_distancia;f2_inequidad
0;625786.1000000007;0.16932591251322845
1;606934.4300000006;0.18519703862436454
2;610062.7600000006;0.17327862585366488
