id;f1_distancia;f2_inequidad
0;280106.1699999999;0.35093501099839625
1;265538.49;0.43849094124685817
2;280063.18999999994;0.40127833925537965
3;264592.56999999995;0.4893616519394311
