id;f1_distancia;f2_inequidad
0;219704.9700000001;0.20598678490513797
1;207763.77999999997;0.2621691036123229
2;214838.0100000001;0.22817969283488454
3;217134.4400000001;0.209496751499609
4;211487.97999999995;0.251108652888656
5;211477.1499999999;0.25481474752367755
6;207774.61000000002;0.2603083107906213
