id;f1_distancia;f2_inequidad
0;258559.78999999992;0.531862392134156
1;294730.4500000001;0.3326816546389856
