id;f1_distancia;f2_inequidad
0;609902.7700000005;0.20954946963571483
1;656168.7100000007;0.18317772012020866
2;628209.4600000002;0.1949116981311265
3;611309.8200000005;0.20070675904164265
