id;f1_distancia;f2_inequidad
0;266809.92999999993;0.5187196694613683
1;276286.54000000004;0.4506939094329988
2;271407.14999999997;0.4984513778109825
3;271689.32;0.48725064848027083
