id;f1_distancia;f2_inequidad
0;207427.4700000001;0.32691742076555047
1;218808.8300000001;0.2140466589840221
2;212701.24000000008;0.2707692231813323
3;208692.32000000007;0.29647817045367003
4;210826.7300000001;0.27788886667555096
5;209561.8800000001;0.28984550482397803
