id;f1_distancia;f2_inequidad
0;616440.9800000004;0.17607397501543032
1;608747.3300000005;0.19763270301934943
2;615135.2000000005;0.17942193351039715
