id;f1_distancia;f2_inequidad
0;279001.06999999995;0.45975159355653966
1;265356.73999999993;0.5127497697599569
2;267790.67;0.46814196675972836
3;266302.66;0.48610801090281247
