id;f1_distancia;f2_inequidad
0;222504.4200000001;0.27960165116346036
1;212570.95999999993;0.3882832585740581
2;217304.44000000015;0.30456594797624165
3;214978.54000000015;0.33778280332518734
4;212946.8;0.35707142142714243
