id;f1_distancia;f2_inequidad
0;206577.3;0.32532035493238554
1;218433.97000000018;0.16196493104647344
2;212113.20000000016;0.23790170706033667
3;218227.48000000016;0.18328597873268976
4;213464.7700000001;0.23713422125220332
