id;f1_distancia;f2_inequidad
0;264402.2899999999;0.5204164998665332
1;271799.85000000003;0.32505174534645664
2;264683.56999999995;0.3323145237697763
