id;f1_distancia;f2_inequidad
0;213383.15999999995;0.27685610983967024
1;212371.15999999992;0.3166392531993888
2;223340.7600000001;0.2367312118556965
