id;f1_distancia;f2_inequidad
0;598349.1600000007;0.2130876381978419
1;610483.1300000006;0.16810495930742198
2;602430.4800000006;0.19475506389336678
3;610448.8000000006;0.17469281074217108
