id;f1_distancia;f2_inequidad
0;210830.0299999999;0.32635933672359774
1;218808.8300000001;0.19995659251169717
2;211066.1799999999;0.2879223950226094
3;216512.4000000001;0.2177855724228664
