id;f1_distancia;f2_inequidad
0;615235.8600000006;0.17040386024365028
1;609663.5300000005;0.21075657750337828
2;611629.7800000006;0.2013803531401695
3;611424.2400000006;0.20278667738152203
