id;f1_distancia;f2_inequidad
0;611267.6600000006;0.1943629260468271
1;612092.7400000007;0.15264393502015564
