id;f1_distancia;f2_inequidad
0;222063.75000000012;0.21598450304490732
1;205974.03999999995;0.36045881256470275
2;214793.0100000001;0.23270003342405343
3;207680.18999999997;0.3384759551611047
4;207612.39999999997;0.3457831288860435
5;206104.03999999995;0.355512150128359
