id;f1_distancia;f2_inequidad
0;624298.7600000001;0.16067940469689948
1;609229.0000000006;0.21071132260656847
2;614803.2800000006;0.19386179990121186
3;611629.7800000006;0.1988737822087165
