id;f1_distancia;f2_inequidad
0;267402.62999999995;0.5366100109198899
1;266456.70999999996;0.5667040045909719
