id;f1_distancia;f2_inequidad
0;267402.62999999995;0.5386282973520176
1;269458.55;0.5042140129283729
