id;f1_distancia;f2_inequidad
0;215028.4300000001;0.19144008346100247
1;212101.62999999995;0.35580503400348645
2;212477.47;0.3357206179747281
