id;f1_distancia;f2_inequidad
0;239025.35000000012;0.252074724370903
1;204983.7500000001;0.2722080495176846
2;206680.78000000012;0.2668944339788466
3;206381.6400000001;0.26718699236469
