id;f1_distancia;f2_inequidad
0;233382.33000000007;0.22726483572157744
1;210934.27999999997;0.3935019059674298
2;223619.2700000001;0.25162665244807086
3;213343.55999999994;0.3517565051123986
4;215028.4300000001;0.30388114452858045
5;220506.43000000017;0.257357026111371
6;216572.77000000022;0.2922315957516496
7;222639.80000000013;0.25409835147482224
