id;f1_distancia;f2_inequidad
0;265528.06999999995;0.4947642536265799
1;278426.66;0.4227421643271464
2;271353.38;0.4564057477697035
3;266473.98999999993;0.46479815661089796
