id;f1_distancia;f2_inequidad
0;611629.7800000006;0.2080146895870202
1;613260.7700000006;0.15990595914938371
2;612435.6900000006;0.19948664585630788
3;612454.8600000006;0.17253955332310764
