id;f1_distancia;f2_inequidad
0;299554.1100000001;0.42644769771788993
1;262788.47;0.6242834434039825
2;292174.5700000001;0.5319388915796625
3;263734.38999999996;0.5589927309580054
