id;f1_distancia;f2_inequidad
0;225268.21000000005;0.2101173613853829
1;212478.48999999993;0.35975975780141567
2;215028.4300000001;0.2981423969999721
3;223393.7000000001;0.22726483572157746
