id;f1_distancia;f2_inequidad
0;611629.7800000006;0.1910072371624633
1;617899.7400000007;0.18052412232229348
2;617046.2400000006;0.18602938905922903
3;612964.9200000005;0.1870824615299611
