id;f1_distancia;f2_inequidad
0;210960.44999999992;0.36505326856349174
1;214504.6300000001;0.20395397084200698
2;211336.28999999998;0.3390140934467997
