id;f1_distancia;f2_inequidad
0;217741.7700000001;0.16051133570215192
1;213198.38999999993;0.373027218250298
2;213810.37999999998;0.29973947020704494
3;213445.36999999997;0.3181707700102082
4;213434.53999999992;0.3390909006282664
