id;f1_distancia;f2_inequidad
0;603864.0400000005;0.21550855947962805
1;631401.44;0.15184212285606882
2;628201.3100000002;0.2030404721960855
3;605199.1800000005;0.2115063943099224
