id;f1_distancia;f2_inequidad
0;618768.6100000006;0.15463027666319912
1;611629.7800000006;0.1910072371624633
2;614515.8000000005;0.19087737839771474
3;617086.2900000006;0.16294260636417351
