id;f1_distancia;f2_inequidad
0;264350.5999999999;0.48669359942598606
1;274896.31;0.34638353572224595
2;265296.51999999996;0.43886196735293537
3;274596.68;0.3510895738823481
