id;f1_distancia;f2_inequidad
0;278808.13999999996;0.29444362552297026
1;261739.71999999994;0.47128941774431754
2;264161.02999999997;0.39497577061764183
3;262547.20999999996;0.41349705888716226
4;262367.73;0.4545296714431548
5;262323.55999999994;0.46883679751949225
