id;f1_distancia;f2_inequidad
0;301574.3800000001;0.4411738110962869
1;260614.2099999999;0.4960783708246108
2;295963.3200000002;0.47913835967112184
3;298120.15000000014;0.4690681790499354
