id;f1_distancia;f2_inequidad
0;266473.98999999993;0.4902477760729206
1;270077.94;0.4714045207910316
