id;f1_distancia;f2_inequidad
0;208834.42;0.2805933692888855
1;250702.83000000002;0.2119682890329484
2;219493.22000000012;0.23240141278973914
