id;f1_distancia;f2_inequidad
0;212363.78000000014;0.2942740597168263
1;222508.1500000001;0.18085445345175596
2;218023.90000000014;0.26922599965250177
3;213930.53000000012;0.2852873794770615
4;216457.15000000017;0.2781074432660875
