id;f1_distancia;f2_inequidad
0;603528.3100000006;0.19103719203399733
