id;f1_distancia;f2_inequidad
0;215610.90000000005;0.1946774397703946
1;208239.61;0.23452078799117154
2;214044.15000000008;0.204761039588427
