id;f1_distancia;f2_inequidad
0;214942.79000000012;0.23392781412697006
1;210101.98999999996;0.3047938738812766
2;214620.11000000016;0.2900849971224909
3;210666.22999999998;0.2948339928389081
