id;f1_distancia;f2_inequidad
0;611540.7000000007;0.18035499323274745
1;614850.4700000007;0.14770326219183305
