id;f1_distancia;f2_inequidad
0;205400.81000000003;0.3593976442141303
1;216613.1300000001;0.1968060946436591
2;207172.18;0.2498610725094158
3;214838.0100000001;0.2254239832453996
4;205468.60000000003;0.2970923911662647
5;215384.47000000012;0.22325713874364686
6;205888.04;0.2835477130141513
7;206188.50000000003;0.2661127058639294
8;206607.93999999997;0.25535922410074274
