id;f1_distancia;f2_inequidad
0;204823.12999999998;0.2767620317569268
1;220901.43000000008;0.2173067468400883
2;204901.75;0.22298480267099413
3;204890.91999999998;0.22592402852876595
