id;f1_distancia;f2_inequidad
0;264816.22;0.45210613421764395
1;265832.18;0.4103690750748378
