id;f1_distancia;f2_inequidad
0;601690.4900000007;0.2459929729171331
1;625288.2400000006;0.13571056848468913
2;622193.4300000006;0.1522435567961334
3;613237.1900000006;0.188757178567962
4;603503.3900000007;0.23062593950943458
5;609727.8000000005;0.2209622372776271
6;611540.7000000007;0.20349088141329422
7;611424.2900000006;0.20714177474316955
