id;f1_distancia;f2_inequidad
0;300160.42;0.46386341829609007
1;266163.49;0.5019223030150074
2;271999.85000000003;0.4727548823856233
3;270760.71;0.48766801769862994
