id;f1_distancia;f2_inequidad
0;217884.10000000015;0.1921642092933368
1;210288.69999999998;0.31446603773522014
2;215054.48000000016;0.1989119710380002
3;212507.6200000001;0.26246692913372704
