id;f1_distancia;f2_inequidad
0;265528.06999999995;0.5203122393225907
1;266473.98999999993;0.49080079122457276
