id;f1_distancia;f2_inequidad
0;614939.5500000006;0.1348505167407021
1;611629.7800000006;0.18001625835319535
