id;f1_distancia;f2_inequidad
0;266285.37999999995;0.5518867574562335
1;311217.91000000003;0.4389855730355307
2;267231.29999999993;0.5364330495659889
