id;f1_distancia;f2_inequidad
0;246629.55000000002;0.19075871903766
1;209202.5;0.36168490737411507
2;218600.91000000015;0.22298480267099413
3;211077.00999999995;0.32848029705837084
4;215081.29000000018;0.23790170706033661
5;216527.3900000002;0.23570226039551584
