id;f1_distancia;f2_inequidad
0;224903.30000000005;0.2140466589840221
1;212729.5200000001;0.2981423969999721
2;220631.54000000012;0.2507973396102031
3;214044.15000000008;0.2838231060987735
4;222608.7300000001;0.23180301742835216
5;222630.03000000003;0.2309025167082902
