id;f1_distancia;f2_inequidad
0;293567.03;0.3446956689119647
1;264760.63999999996;0.41480704809920693
2;270789.07999999996;0.38776732490488286
3;266191.8599999999;0.3952503931230037
