id;f1_distancia;f2_inequidad
0;265296.51999999996;0.4635124054434788
1;279277.55999999994;0.361106937742978
2;278426.66;0.3760113676620842
