id;f1_distancia;f2_inequidad
0;223240.1800000001;0.21372197672053608
1;211938.36999999994;0.35118845842842455
2;220669.6500000001;0.21598450304490732
3;213573.38000000003;0.2813348637399133
4;212435.8800000001;0.28936592558366125
5;212589.10000000003;0.28321075779944044
