id;f1_distancia;f2_inequidad
0;217919.4100000001;0.18777757232072917
1;206732.52999999994;0.3302986863767735
2;209586.59999999995;0.3061578659595223
3;212435.8800000001;0.24438130497691982
4;212181.8900000001;0.2753470032926131
5;206899.82999999993;0.3248931448269655
