id;f1_distancia;f2_inequidad
0;265528.06999999995;0.5183011361248722
1;266473.98999999993;0.48476686657666235
