id;f1_distancia;f2_inequidad
0;614835.2400000006;0.14740595518838442
1;610148.7700000005;0.16308301363396954
