id;f1_distancia;f2_inequidad
0;591306.2100000008;0.16872784504449576
