id;f1_distancia;f2_inequidad
0;604214.8400000004;0.1943629260468271
1;605039.9200000004;0.15264393502015564
