id;f1_distancia;f2_inequidad
0;629426.45;0.18116747852039422
1;609350.7100000005;0.20930356757216897
2;613230.1200000006;0.18940278003751027
