id;f1_distancia;f2_inequidad
0;207376.12999999998;0.24462982238476158
1;217270.41000000012;0.18554536731843602
2;211956.31000000003;0.2289771944005681
3;210081.80000000002;0.2361437885884126
4;211572.65999999992;0.23452078799117146
5;208630.46;0.24267032964268392
