id;f1_distancia;f2_inequidad
0;286147.84000000014;0.45854043616372814
1;267269.25999999995;0.5394334975359696
2;284914.03000000014;0.5264025164975942
