id;f1_distancia;f2_inequidad
0;607638.3200000006;0.15264393502015564
