id;f1_distancia;f2_inequidad
0;611629.7800000006;0.1907274314958391
1;651341.67;0.17218544406667335
2;636691.8900000007;0.1873371688794031
