id;f1_distancia;f2_inequidad
0;607638.3200000006;0.1714194068275508
