id;f1_distancia;f2_inequidad
0;222098.7200000001;0.22043990110685502
1;209305.14;0.30751580808508394
2;216908.06;0.2846781808756455
3;213705.57000000004;0.30310889132455354
4;215556.49000000005;0.28936592558366125
5;214418.9900000001;0.29857880962244393
