id;f1_distancia;f2_inequidad
0;625959.0100000006;0.1847123502740139
1;609070.7100000007;0.1887975933374152
