id;f1_distancia;f2_inequidad
0;611573.6500000006;0.22176356136308215
1;626048.0200000006;0.12639601318252686
2;613458.9200000006;0.1772830808946087
3;611629.7800000006;0.20054514023402406
