id;f1_distancia;f2_inequidad
0;266225.1599999999;0.4993213710599841
1;265279.23999999993;0.5360030430443262
