id;f1_distancia;f2_inequidad
0;609388.1800000005;0.19396999543965396
1;610213.2600000005;0.15289363899047598
