id;f1_distancia;f2_inequidad
0;267402.62999999995;0.4524959714369474
1;266456.70999999996;0.48769582961331764
