id;f1_distancia;f2_inequidad
0;209825.76999999996;0.31841621957571326
1;212435.8800000001;0.21980894481849966
