id;f1_distancia;f2_inequidad
0;608124.7000000005;0.17702468199974086
1;625959.0100000006;0.1358650803862397
2;608949.7800000005;0.1446895248238448
