id;f1_distancia;f2_inequidad
0;211069.57999999993;0.30273636312071195
1;228815.13000000003;0.20305821551685344
2;218526.7400000001;0.22511571098733504
3;213871.62999999992;0.27735732067737706
4;212420.28999999992;0.2929732638541158
5;212520.91999999993;0.2885548282196798
