id;f1_distancia;f2_inequidad
0;221172.32000000012;0.23213980461973535
1;209688.17999999993;0.3244386177178461
2;217678.46000000017;0.27975683885990876
3;209699.00999999998;0.2871979089215116
