id;f1_distancia;f2_inequidad
0;292760.28000000014;0.4202644153618583
1;263589.42999999993;0.6034478482483434
2;267402.62999999995;0.5456335114520041
3;264144.06999999995;0.5681620893039434
