id;f1_distancia;f2_inequidad
0;215621.8400000001;0.16051133570215192
1;205185.84999999998;0.3036811193048099
2;205196.68000000002;0.2586020108197149
3;210687.1100000001;0.21730674684008836
4;212983.5400000001;0.18554536731843604
5;213325.4100000001;0.18138165716399107
