id;f1_distancia;f2_inequidad
0;212435.8800000001;0.34146335414246465
1;216923.08000000005;0.21790511441654808
2;213517.90000000005;0.2309025167082902
3;214446.49000000005;0.23060156836702855
