id;f1_distancia;f2_inequidad
0;219028.99000000017;0.19982631347136343
1;211902.44000000012;0.21343747458109505
