id;f1_distancia;f2_inequidad
0;222164.33000000013;0.22263416678987583
1;212661.01999999993;0.33909090062826647
2;213462.93000000014;0.25927248643506756
