id;f1_distancia;f2_inequidad
0;611629.7800000006;0.1910072371624633
1;613554.5600000005;0.15238130546710568
2;613458.9200000006;0.17025828767341805
