id;f1_distancia;f2_inequidad
0;610896.7200000004;0.20580229284493984
1;612296.7900000005;0.16989942380415649
