id;f1_distancia;f2_inequidad
0;265992.5199999999;0.4171546621491576
1;265788.80999999994;0.4575929152004724
