id;f1_distancia;f2_inequidad
0;615235.8600000006;0.15761125782681262
1;611629.7800000006;0.2024383677186945
