id;f1_distancia;f2_inequidad
0;608123.6600000005;0.2130876381978419
1;613082.1700000005;0.17088448603767217
2;609952.8000000004;0.18773382230463795
