id;f1_distancia;f2_inequidad
0;265528.06999999995;0.5326778198143999
