id;f1_distancia;f2_inequidad
0;220038.2000000001;0.21110654234822343
1;212435.8800000001;0.29764702249476654
