id;f1_distancia;f2_inequidad
0;223550.0400000001;0.18814703174792735
1;212807.41999999995;0.3374742788552764
2;214793.0100000001;0.28528737947706156
3;220151.87000000014;0.25052029192595693
4;213183.26;0.33623735003053346
5;220934.34000000008;0.21790511441654808
6;222608.7300000001;0.21176342932621775
