id;f1_distancia;f2_inequidad
0;258559.78999999992;0.5253966755382705
1;304960.8900000001;0.3410563654946854
2;300827.12000000017;0.43650680916160345
3;265348.20999999996;0.4639803635691686
4;260173.60999999993;0.49476425362657983
5;303379.60000000003;0.40954195069003624
6;304414.7100000001;0.365289494689562
7;264402.2899999999;0.4791383596711219
8;302689.41000000015;0.41191957270200213
