id;f1_distancia;f2_inequidad
0;611629.7800000006;0.2094857449654988
1;613458.9200000006;0.18379103429468308
