id;f1_distancia;f2_inequidad
0;221532.98000000013;0.2066599461272875
1;210519.64000000013;0.24195385234929964
2;219828.94000000015;0.2371342212522033
