id;f1_distancia;f2_inequidad
0;212067.34999999992;0.3791208763559306
1;220437.0000000001;0.22603926650031414
2;217858.34000000008;0.30066477272130765
3;218475.73000000013;0.2440614107601246
4;214555.59999999998;0.35234827309858563
5;212443.18999999997;0.3529390488770294
