id;f1_distancia;f2_inequidad
0;609229.0000000006;0.20794132226630516
1;633393.4799999999;0.17499825612970404
2;614758.1100000006;0.18798764711743696
3;611719.4200000006;0.20191949973937634
4;611629.7800000006;0.20248547160460056
