id;f1_distancia;f2_inequidad
0;204926.91;0.24944382578492935
1;219324.88999999998;0.1606734957054905
2;215752.4500000001;0.23804761428476168
3;205996.97000000003;0.24309920243024685
4;218048.8800000001;0.204081614937641
