id;f1_distancia;f2_inequidad
0;608209.4600000005;0.1616262567623219
