id;f1_distancia;f2_inequidad
0;265909.42999999993;0.42986896420756965
