id;f1_distancia;f2_inequidad
0;265296.51999999996;0.4672139183351789
1;266312.48;0.43488803635725215
