id;f1_distancia;f2_inequidad
0;266225.1599999999;0.5024894622996808
1;321026.66;0.45821494683172453
