id;f1_distancia;f2_inequidad
0;213434.53999999992;0.3041095836847119
1;223393.7000000001;0.2423481769869312
2;220038.2000000001;0.2929436331826008
3;220823.17000000013;0.26689443397884655
4;222608.7300000001;0.25627540524469644
