id;f1_distancia;f2_inequidad
0;639358.6500000008;0.15633542586649826
1;611629.7800000006;0.2094857449654988
2;629373.39;0.16010860571811872
3;616807.0800000005;0.19047725768017393
