id;f1_distancia;f2_inequidad
0;257899.75999999992;0.47800470527379624
1;295268.0100000001;0.3908679799852856
2;290112.73000000016;0.42232486302674105
3;258559.78999999992;0.4484916367825478
