id;f1_distancia;f2_inequidad
0;266544.63;0.4604296283997515
1;278992.91;0.3794584500018122
2;266850.01;0.4253968225048492
3;278426.66;0.3873823746205637
