id;f1_distancia;f2_inequidad
0;258559.78999999992;0.4934191489973026
1;298186.7000000001;0.3404194716326705
2;292485.24000000005;0.4722094565267973
