id;f1_distancia;f2_inequidad
0;611216.5700000006;0.20930356757216897
1;635168.77;0.17451803049756778
2;615711.1000000007;0.1875
3;615297.8900000006;0.19291497226352727
