id;f1_distancia;f2_inequidad
0;651260.7100000004;0.15304326581374791
1;611629.7800000006;0.1699892107961837
