id;f1_distancia;f2_inequidad
0;248201.79000000004;0.1946774397703945
1;211141.55999999994;0.3320548398482796
2;216082.26000000018;0.2715375460021852
3;246945.92000000004;0.19960899278339142
