id;f1_distancia;f2_inequidad
0;615135.2000000005;0.15761125782681262
1;608747.3300000005;0.18684782411095935
