id;f1_distancia;f2_inequidad
0;607100.4500000007;0.13325695393293505
