id;f1_distancia;f2_inequidad
0;209322.15999999995;0.3253203549323856
1;251163.12000000002;0.15495294984822536
2;247878.36000000004;0.19467743977039445
3;215458.4200000001;0.23625404170558062
4;212992.75000000006;0.28182810955143084
5;209698.0;0.3112474899497183
6;214290.6800000001;0.2576604138956717
7;213468.42000000007;0.26375362030164096
