id;f1_distancia;f2_inequidad
0;219937.6200000001;0.19891197103800026
1;204978.79999999996;0.3034237502606251
2;214533.22000000012;0.2787621447279623
3;205354.64;0.29365394410579415
4;214787.2100000001;0.25162665244807086
