id;f1_distancia;f2_inequidad
0;297472.9400000002;0.37089038652874845
1;265022.3699999999;0.5086064839889043
2;294018.71000000014;0.4068838538036513
3;265968.2899999999;0.47913835967112184
