id;f1_distancia;f2_inequidad
0;214725.3300000001;0.2564447092238186
1;212630.7200000001;0.35930101895516836
2;212996.02000000008;0.35433819375782166
