id;f1_distancia;f2_inequidad
0;262908.27;0.3991092512639169
1;276018.07;0.3473220342651918
2;275948.48000000004;0.36020435702451514
