id;f1_distancia;f2_inequidad
0;658601.8900000002;0.13314239818089268
1;611091.9100000005;0.1490018056465676
