id;f1_distancia;f2_inequidad
0;267402.62999999995;0.4248863716565224
1;265788.80999999994;0.4416654382844553
