id;f1_distancia;f2_inequidad
0;266042.79999999993;0.5162033793181177
1;272282.02;0.4813976595261159
2;270922.18999999994;0.5007589725717464
3;267402.62999999995;0.5098849271050174
