id;f1_distancia;f2_inequidad
0;611182.0900000005;0.23593232610221093
1;613458.9200000006;0.18773382230463795
2;611629.7800000006;0.2130876381978419
