id;f1_distancia;f2_inequidad
0;594634.3000000005;0.17289293731508382
1;597890.2500000005;0.1498188196153524
2;597477.0400000005;0.15620116424322036
3;595907.1200000005;0.15683484296784947
4;595493.9100000004;0.16237976320958225
5;595047.5100000005;0.16896506838970443
