id;f1_distancia;f2_inequidad
0;302059.41000000015;0.4189714899309975
1;260614.2099999999;0.4908007912245727
2;298605.1800000001;0.4409277919436846
3;262530.2499999999;0.47678302047274207
