id;f1_distancia;f2_inequidad
0;631877.09;0.1565305099241339
1;605708.3700000006;0.16387638252658618
