id;f1_distancia;f2_inequidad
0;221654.32000000012;0.17194758568302795
1;206593.11000000002;0.29483399283890815
2;210922.39000000007;0.24706611800622655
3;219950.28000000014;0.19075871903766
4;211906.6700000001;0.24292059745247357
5;213202.56000000008;0.2067859198946259
6;215753.59000000008;0.19930434571835673
7;214186.8400000001;0.20412414523193156
