id;f1_distancia;f2_inequidad
0;297472.9400000002;0.4182262479142652
1;260173.60999999993;0.5936586186989586
2;290977.7600000001;0.4972799275950003
3;265527.68999999994;0.5680427149798389
4;294431.99000000017;0.47312770621565686
5;264581.7699999999;0.5918280296392412
6;265348.20999999996;0.5799754544614607
