id;f1_distancia;f2_inequidad
0;262788.47;0.5558782699851351
1;263734.38999999996;0.5286907308520634
