id;f1_distancia;f2_inequidad
0;209591.16000000012;0.2929436331826008
1;217644.61000000016;0.19346977943739838
2;214957.52000000014;0.2273030282830976
3;214009.76000000013;0.26140645235596865
4;211322.67000000013;0.2802528620133372
5;214433.72000000015;0.248746859276655
6;210798.87000000014;0.2823512391016236
