id;f1_distancia;f2_inequidad
0;615711.1000000007;0.14400241086849033
1;611629.7800000006;0.16420194966393517
