id;f1_distancia;f2_inequidad
0;267402.62999999995;0.48758457243618547
1;264842.8899999999;0.547940430409892
2;265788.80999999994;0.5030290194854016
