id;f1_distancia;f2_inequidad
0;209688.17999999993;0.3755551446414583
1;220258.9900000001;0.18022940628235143
2;214774.44000000012;0.282566363886433
3;211007.33999999997;0.35079275299748647
4;210413.81999999995;0.3545096378567631
