id;f1_distancia;f2_inequidad
0;231783.68000000014;0.19982631347136337
1;210571.17999999993;0.27676203175692693
2;219106.86000000013;0.22232202619923497
3;229021.66000000015;0.21794494717703378
4;214942.79000000012;0.24632718756429098
