id;f1_distancia;f2_inequidad
0;611629.7800000006;0.1989409061275719
1;623480.0400000006;0.14484762670108717
2;613442.1200000006;0.15209314323384207
