id;f1_distancia;f2_inequidad
0;629426.45;0.18270855418256796
1;611629.7800000006;0.19640320453088336
2;614515.8000000005;0.19326070714900734
