id;f1_distancia;f2_inequidad
0;258027.06999999992;0.4867771974225534
1;262280.55999999994;0.4382124655125132
2;259943.10999999993;0.4854658415721267
3;260364.51999999993;0.4409585518440984
