id;f1_distancia;f2_inequidad
0;218808.8300000001;0.21077733116569566
1;205765.47999999995;0.33778280332518734
2;212181.8900000001;0.2727178028658929
3;212220.16000000012;0.24033396902366236
4;216088.6100000001;0.22999849033320968
