id;f1_distancia;f2_inequidad
0;219704.9700000001;0.22817969283488457
1;210775.3600000001;0.33268165463898564
2;212884.59;0.3236081306491266
3;214939.4300000001;0.27685610983967035
4;214919.13000000015;0.28354771301415144
