id;f1_distancia;f2_inequidad
0;205785.08000000002;0.3009245014211298
1;219402.5000000001;0.22484562605386746
2;215028.4300000001;0.23273733406281574
3;209203.39000000004;0.2766051638467125
