id;f1_distancia;f2_inequidad
0;213434.53999999992;0.3815174380753199
1;220506.43000000017;0.23270003342405343
2;214774.44000000012;0.3081925354204559
