id;f1_distancia;f2_inequidad
0;212435.8800000001;0.19144008346100247
1;206081.84;0.4205650960315181
2;211647.2600000001;0.24309920243024707
3;211912.0800000001;0.24234817698693117
4;212171.06000000008;0.19346977943739835
