id;f1_distancia;f2_inequidad
0;208927.2100000001;0.2215789300051388
1;248102.17;0.16811867501526678
2;208935.6600000001;0.2099933861392358
3;247593.64000000004;0.1732050807568877
