id;f1_distancia;f2_inequidad
0;206708.5400000001;0.17240134054647666
1;204594.09999999998;0.3660743321603779
2;204845.44000000006;0.21015867021530815
3;204821.2800000001;0.2768874620972691
4;204761.56999999998;0.32207551736958967
