id;f1_distancia;f2_inequidad
0;267402.62999999995;0.4849067421794742
1;271999.85000000003;0.4621056877670591
