id;f1_distancia;f2_inequidad
0;204797.42999999996;0.3807658583550904
1;234243.56000000006;0.21307112792576002
2;210520.80000000013;0.25464435984329215
3;205173.27000000002;0.36340882243311345
