id;f1_distancia;f2_inequidad
0;268383.15;0.41323456271159664
1;265394.69999999995;0.4766407608782063
2;266340.61999999994;0.4472803134718142
