id;f1_distancia;f2_inequidad
0;220934.34000000008;0.1963203164898292
1;211876.15999999995;0.233296127986157
2;213327.49999999994;0.2254239832453996
