id;f1_distancia;f2_inequidad
0;607979.2600000005;0.2181912506838897
1;612365.7800000006;0.15506139708268585
2;608804.3400000004;0.1791666193525858
3;610552.8800000005;0.17476922213553328
4;610617.2400000006;0.15914074005886858
