id;f1_distancia;f2_inequidad
0;204936.89000000013;0.3597597578014158
1;214829.59000000014;0.18181186857726195
2;208363.72000000015;0.2950694362725869
3;211569.25000000017;0.20912350152216017
