id;f1_distancia;f2_inequidad
0;609645.6400000006;0.19810503645478073
1;620381.3900000006;0.16443410296757177
2;619034.8900000006;0.1647932942627957
