id;f1_distancia;f2_inequidad
0;267402.62999999995;0.48401083981203924
1;266847.98999999993;0.5178036884015236
