id;f1_distancia;f2_inequidad
0;200120.75;0.31882488227168765
1;209668.31000000008;0.190348729675007
2;201298.80000000002;0.27128168017763377
3;208953.67000000007;0.23448377105652515
4;209010.52000000008;0.22603926650031406
