id;f1_distancia;f2_inequidad
0;609596.7400000006;0.15643299830593407
1;613073.6900000006;0.15580992714983696
