id;f1_distancia;f2_inequidad
0;213573.38000000003;0.1499421184620549
1;203643.43;0.3744440323110161
2;204819.34000000003;0.3289028478644314
3;209919.06999999998;0.26964482812272383
4;211912.0800000001;0.20099578491987236
5;208325.79000000004;0.32529367073803034
6;212435.8800000001;0.154054012894468
7;208743.16;0.32250645988362253
8;203698.19;0.3707162736589203
