id;f1_distancia;f2_inequidad
0;211560.0299999999;0.3904235591707493
1;222164.33000000013;0.24406141076012464
2;220506.43000000017;0.2661453237111886
3;213445.36999999997;0.3157882553582736
4;211570.85999999996;0.34960294939005054
5;213209.21999999994;0.3233666219977291
