id;f1_distancia;f2_inequidad
0;611629.7800000006;0.210421460792642
1;645566.7500000001;0.17608480733726006
2;621322.78;0.1929446309572629
3;615711.1000000007;0.1988641912279191
