id;f1_distancia;f2_inequidad
0;220770.23000000013;0.22852182001336815
1;212435.8800000001;0.2955397604384224
2;218473.80000000013;0.2515231378797762
3;213787.45000000004;0.2942740597168263
