id;f1_distancia;f2_inequidad
0;611629.7800000006;0.1943629260468271
1;613458.9200000006;0.17025828767341805
