id;f1_distancia;f2_inequidad
0;611216.5700000006;0.17534668505830814
