id;f1_distancia;f2_inequidad
0;267402.62999999995;0.49989148127924293
