id;f1_distancia;f2_inequidad
0;651159.9400000005;0.15347884419435265
1;611540.7000000007;0.17899620759665377
2;639757.8400000002;0.17429930872908675
