id;f1_distancia;f2_inequidad
0;290097.67;0.34638353572224595
1;259891.01999999996;0.6116410856935081
2;264865.32999999996;0.39304804051512304
3;261090.92999999996;0.5444639310571657
4;263665.4199999999;0.4750730937913075
5;260145.00999999995;0.5694020986965186
6;263919.4099999999;0.4312235801085866
7;264611.33999999997;0.42376761680849984
