id;f1_distancia;f2_inequidad
0;611629.7800000006;0.19175470514008092
1;615921.0900000005;0.14235052467412967
2;612454.8600000006;0.16751391908118413
3;615795.7600000006;0.16517480087395292
