id;f1_distancia;f2_inequidad
0;294744.3300000001;0.41129347963332574
1;260614.2099999999;0.42539682250484917
