id;f1_distancia;f2_inequidad
0;584587.2500000006;0.20039290934370502
1;645516.9400000001;0.13995881701052054
2;585412.3300000005;0.15143962480453224
