id;f1_distancia;f2_inequidad
0;267402.62999999995;0.4991040149190681
1;266456.70999999996;0.5392323102105437
