id;f1_distancia;f2_inequidad
0;660823.62;0.1500605143233368
1;611540.7000000007;0.17147503177849976
2;658787.9299999999;0.16973094517500337
