id;f1_distancia;f2_inequidad
0;612947.7500000006;0.16944977520893728
1;611484.5700000006;0.2035658527270337
2;611540.7000000007;0.17913467949684533
