id;f1_distancia;f2_inequidad
0;218426.1600000001;0.24267032964268404
1;210860.29999999996;0.3126666222459102
2;210871.13;0.27610258761715534
