id;f1_distancia;f2_inequidad
0;595376.0900000005;0.19326070714900734
1;596201.1700000006;0.14740595518838442
