id;f1_distancia;f2_inequidad
0;616151.8400000003;0.14299222826346192
1;609362.6600000005;0.19600463301184842
2;611191.8000000006;0.16971970731984656
