id;f1_distancia;f2_inequidad
0;611093.3500000006;0.19396999543965396
1;661743.27;0.16488586177143683
2;638616.3900000008;0.1795175827043134
3;660823.62;0.17693846517641204
