id;f1_distancia;f2_inequidad
0;267402.62999999995;0.5799754544614607
1;305530.08000000013;0.4923183798648774
