id;f1_distancia;f2_inequidad
0;230833.44;0.2290908965648546
1;208602.25999999995;0.3045659479762415
2;217913.88000000015;0.281828109551431
3;222608.7300000001;0.23258809561588112
