id;f1_distancia;f2_inequidad
0;607661.7900000005;0.20624667078278955
1;659623.8099999999;0.13864436346813516
2;609547.0600000004;0.17061639673250745
3;607717.9200000005;0.19396999543965396
