id;f1_distancia;f2_inequidad
0;212404.59999999992;0.2929436331826008
1;241353.91000000024;0.19680609464365909
2;212433.3699999999;0.2603083107906212
