id;f1_distancia;f2_inequidad
0;210086.96000000002;0.34115815817431183
1;219526.3300000001;0.1800848565414526
2;212876.19000000006;0.2392116682401219
3;216929.60000000012;0.20408161493764096
4;211439.34000000003;0.27373446176094723
5;210387.83000000002;0.33447720400649117
6;212357.12000000005;0.271825107171668
7;212704.43000000005;0.2634901958960395
8;210920.27000000002;0.3026503299555811
9;210606.03000000003;0.3157882553582735
10;210855.26000000004;0.3085584763595602
