id;f1_distancia;f2_inequidad
0;223393.7000000001;0.2213829638130873
1;212508.74999999994;0.3435921354681384
2;220823.17000000013;0.22878756522153923
3;217115.18000000008;0.2835477130141514
4;218007.9000000001;0.2827199242281229
