id;f1_distancia;f2_inequidad
0;208577.20999999996;0.2942740597168263
1;218728.85000000006;0.1836644736711183
2;210770.04999999993;0.24885152869398533
3;216923.24000000008;0.24377670793850137
4;209280.87999999998;0.2573570261113711
5;218256.42000000007;0.21501776412401122
