id;f1_distancia;f2_inequidad
0;219148.7800000001;0.20812489572903634
1;209635.26999999996;0.23033791601808754
2;210172.63999999996;0.21343747458109494
