id;f1_distancia;f2_inequidad
0;212104.79000000015;0.31972210155418146
1;219526.3300000001;0.22999849033320977
2;213785.6100000001;0.29857880962244393
3;219016.3200000001;0.2482927819239931
