id;f1_distancia;f2_inequidad
0;228570.7;0.26216910361232293
1;213401.15999999995;0.3585997071945263
2;214718.40000000005;0.2791044706835697
3;217223.1500000001;0.27660516384671263
