id;f1_distancia;f2_inequidad
0;203681.01000000013;0.3704351795148811
1;217358.64000000013;0.1649915822768612
2;208146.22000000015;0.2761025876171552
3;207892.23000000016;0.2950694362725868
