id;f1_distancia;f2_inequidad
0;651260.7100000004;0.1608217878924914
1;609645.6400000006;0.17581379906980957
2;628209.4600000002;0.16908919541431194
