id;f1_distancia;f2_inequidad
0;611629.7800000006;0.1910072371624633
1;634106.8;0.16219171478145855
2;619074.4600000005;0.17590056714372576
3;616188.4400000005;0.1767766952966369
