id;f1_distancia;f2_inequidad
0;218808.8300000001;0.21694693411574695
1;203927.8;0.2805933692888855
2;203938.63;0.25327713192381884
3;216512.4000000001;0.23614378858841265
