id;f1_distancia;f2_inequidad
0;619646.5500000005;0.17521610540629534
1;609608.6300000005;0.18647997284812518
2;611629.7800000006;0.17604147405068357
