id;f1_distancia;f2_inequidad
0;243177.92000000007;0.20812489572903634
1;211730.59999999995;0.3481847769344445
2;212838.39000000013;0.25603819159562036
3;212463.40999999995;0.3302986863767735
4;212711.7400000001;0.2691292543659191
5;212005.13999999993;0.34758592063290217
