id;f1_distancia;f2_inequidad
0;211847.89999999994;0.3047938738812766
1;248973.11000000004;0.16894279110594412
2;217660.9400000002;0.2699987139887068
3;217534.2900000002;0.273067706296849
