id;f1_distancia;f2_inequidad
0;615235.8600000006;0.15546678704790937
1;608747.3300000005;0.18204969058954756
