id;f1_distancia;f2_inequidad
0;203989.06;0.24818787686392382
1;231140.32999999996;0.1414213562373096
2;207865.6800000001;0.1941863366288507
3;227211.24000000002;0.16996731711975951
