id;f1_distancia;f2_inequidad
0;206180.59999999998;0.33530665897884504
1;211912.0800000001;0.20749832663314557
2;206191.43000000005;0.3031088913245535
