id;f1_distancia;f2_inequidad
0;267231.29999999993;0.5252934034634571
1;312222.2100000001;0.45643546458763845
