id;f1_distancia;f2_inequidad
0;267402.62999999995;0.48187639609251576
1;274337.94;0.4610478328402235
2;272282.02;0.47137574766433543
3;269458.55;0.4777776516068955
