id;f1_distancia;f2_inequidad
0;213405.76999999993;0.21650635094610962
