id;f1_distancia;f2_inequidad
0;221379.36000000013;0.22852182001336815
1;211861.88999999998;0.24745229618835396
2;211788.84999999995;0.24885152869398516
3;211552.69999999992;0.2871979089215114
