id;f1_distancia;f2_inequidad
0;611629.7800000006;0.19569298875945806
1;613397.6500000006;0.15891285630318744
