id;f1_distancia;f2_inequidad
0;212078.17999999996;0.25110865288865597
1;212067.34999999992;0.2612735901098479
