id;f1_distancia;f2_inequidad
0;224709.08000000005;0.26216910361232293
1;213198.38999999993;0.3576301239486901
2;216019.68000000017;0.273829580010796
