id;f1_distancia;f2_inequidad
0;209301.95999999996;0.27424137786507224
1;218420.49000000014;0.1989119710380002
2;209312.79;0.259673940848048
3;209301.96;0.2614064523559687
