id;f1_distancia;f2_inequidad
0;296443.2000000001;0.389163934233805
1;262788.47;0.5183273043593637
2;263734.38999999996;0.4909941993745389
3;296202.6800000001;0.39951685230760636
