id;f1_distancia;f2_inequidad
0;218103.41000000012;0.17984368212422702
1;213271.00000000012;0.31882488227168765
2;215579.76000000013;0.18366447367111827
