id;f1_distancia;f2_inequidad
0;611540.7000000007;0.20417397414643718
1;628224.87;0.15184212285606882
2;612365.7800000006;0.16038236705482736
