id;f1_distancia;f2_inequidad
0;207179.70000000004;0.3505699724100104
1;228592.50000000006;0.23090251670829018
2;207247.49000000005;0.29427405971682613
