id;f1_distancia;f2_inequidad
0;595235.8700000007;0.15535633105737717
