id;f1_distancia;f2_inequidad
0;611629.7800000006;0.19924747035623658
1;615921.0900000005;0.15682268098551425
2;614970.6800000006;0.1977870583708256
