id;f1_distancia;f2_inequidad
0;609460.3300000005;0.2060246016246831
1;614544.1600000001;0.15022566033616727
2;611289.4700000006;0.17891094085007594
