id;f1_distancia;f2_inequidad
0;659623.8099999999;0.14905300022139775
1;611573.6500000006;0.20416463215132138
2;612398.7300000006;0.17169735137371805
