id;f1_distancia;f2_inequidad
0;206239.83000000002;0.3148798271651511
1;210976.96000000017;0.2446298223847617
2;217923.3100000001;0.22546248764114468
3;219649.56000000014;0.1978618345097295
