id;f1_distancia;f2_inequidad
0;272282.02;0.40608303192751655
1;267402.62999999995;0.44509162407244246
