id;f1_distancia;f2_inequidad
0;611629.7800000006;0.21287270566786945
1;628209.4600000002;0.1843712757833616
