id;f1_distancia;f2_inequidad
0;263734.38999999996;0.42081270576508645
1;258559.78999999992;0.46906817904993536
2;260475.82999999993;0.4504229782937367
