id;f1_distancia;f2_inequidad
0;279277.55999999994;0.4572667514093327
1;279080.55;0.4722956182748963
2;264439.81999999995;0.5280489754616623
