id;f1_distancia;f2_inequidad
0;206615.66999999995;0.25331140255951107
1;216367.6600000002;0.20202963204001095
2;214842.3800000002;0.24267032964268398
3;231685.49000000005;0.17984368212422702
