id;f1_distancia;f2_inequidad
0;609902.7700000005;0.17779875207726958
1;615135.2000000005;0.14818028701867703
