id;f1_distancia;f2_inequidad
0;209856.08999999997;0.3406488905994949
1;221818.69000000012;0.20344259359556177
2;210729.69000000012;0.2738612787525831
3;220983.4600000001;0.20577597041442908
