id;f1_distancia;f2_inequidad
0;207106.38999999996;0.33747427885527653
1;246691.04000000004;0.15761900266148118
2;212825.3100000001;0.21343747458109494
3;209698.0;0.258602010819715
4;209322.15999999995;0.28418988174966553
5;207482.23;0.31578825535827376
