id;f1_distancia;f2_inequidad
0;214044.15000000008;0.23359360484016306
1;213256.01999999993;0.351163739902374
2;213790.1600000001;0.2970923911662649
