id;f1_distancia;f2_inequidad
0;267402.62999999995;0.44606570073813123
1;266456.70999999996;0.4867771974225533
