id;f1_distancia;f2_inequidad
0;611629.7800000006;0.16971970731984656
1;658098.34;0.12547213083085174
2;613458.9200000006;0.1526814166499459
3;656062.6499999999;0.1287878243893323
