id;f1_distancia;f2_inequidad
0;657458.2300000003;0.15852831162267988
1;611214.0500000006;0.17676590537412573
2;614100.0700000005;0.17044862679118303
3;648769.4400000004;0.16246196595160164
