id;f1_distancia;f2_inequidad
0;208805.44999999995;0.3218598297395934
1;212506.9900000001;0.18925108248626285
2;211244.19999999995;0.3128886472142374
3;210679.95999999993;0.31685849452958575
4;209369.68999999997;0.3181707700102083
