id;f1_distancia;f2_inequidad
0;215144.23000000019;0.15673535728170024
1;204196.79000000004;0.22345146129653215
2;211042.8400000002;0.16827350421923898
