id;f1_distancia;f2_inequidad
0;611540.7000000007;0.194833396752801
1;629426.45;0.16369005343560128
2;624059.16;0.16442250308727324
