id;f1_distancia;f2_inequidad
0;611107.4000000006;0.17044862679118303
