id;f1_distancia;f2_inequidad
0;612454.8600000006;0.17150839808952323
1;611573.6500000006;0.2244989538359533
2;612398.7300000006;0.1926280361285303
3;611629.7800000006;0.2094857449654988
