id;f1_distancia;f2_inequidad
0;267402.62999999995;0.49187738245928736
1;272282.02;0.47324236215002285
