id;f1_distancia;f2_inequidad
0;211704.1700000001;0.30584582172504293
1;221379.36000000013;0.2368411915187053
2;215797.5400000001;0.29151781916186353
3;219704.9700000001;0.23713422125220332
4;218000.9300000001;0.26180463454008346
