id;f1_distancia;f2_inequidad
0;265909.42999999993;0.4610478328402234
1;266042.79999999993;0.44083549936455885
