id;f1_distancia;f2_inequidad
0;210498.41999999993;0.3382707249132466
1;215226.0400000001;0.20598678490513794
2;212113.20000000016;0.2099933861392359
