id;f1_distancia;f2_inequidad
0;213434.53999999992;0.34840908267278103
1;216067.3800000001;0.23078970706877058
2;215028.4300000001;0.29857880962244393
3;213755.61999999997;0.3184162195757133
