id;f1_distancia;f2_inequidad
0;624458.56;0.17607397501543032
1;605704.2700000006;0.18805865667288324
