id;f1_distancia;f2_inequidad
0;215028.4300000001;0.16577888553398137
1;206329.71999999997;0.3971250852481284
2;214171.69;0.3126666222459101
3;208151.07000000004;0.329746325057443
4;211805.29;0.3186069940642651
5;214504.6300000001;0.22449789655040325
6;206705.56000000006;0.3673289473422364
7;207775.22999999998;0.3545096378567631
