id;f1_distancia;f2_inequidad
0;208655.1;0.290802290606904
1;216462.51000000007;0.19680609464365906
2;214812.8600000001;0.2211083193570267
