id;f1_distancia;f2_inequidad
0;207771.7400000001;0.3310075108244858
1;215465.41000000012;0.24206145913796367
2;212893.0600000001;0.2696448281227238
3;209764.60000000012;0.31487982716515106
4;210900.2000000001;0.29249881291307056
5;214957.50000000012;0.2624669291337271
