id;f1_distancia;f2_inequidad
0;611573.6500000006;0.23224947650304295
1;619165.5900000005;0.13066975534123226
2;612454.8600000006;0.17464913207896998
3;612430.0600000005;0.2060246016246831
4;611604.9800000006;0.23013747377586619
5;611629.7800000006;0.208381138720877
6;611661.1100000006;0.20727984779696837
