id;f1_distancia;f2_inequidad
0;660823.62;0.15683484296784947
1;607638.3200000006;0.1616262567623219
