id;f1_distancia;f2_inequidad
0;611540.7000000007;0.2080146895870202
1;625831.0400000005;0.15486446238238252
2;613171.6900000006;0.16395783491757682
3;624695.8900000006;0.1583718236350279
4;612346.6100000007;0.20005950042659185
5;612365.7800000006;0.17499825612970404
