id;f1_distancia;f2_inequidad
0;610176.8900000005;0.15541770518810752
1;609351.8100000005;0.17520521937569206
