id;f1_distancia;f2_inequidad
0;236852.1300000001;0.21196828903294834
1;213259.44000000006;0.37193189340702315
2;223393.7000000001;0.24119926064010516
3;214025.27000000008;0.30956959368344505
4;232989.67000000016;0.2158638974498103
5;219192.50000000015;0.29249881291307084
6;222883.6900000001;0.2634901958960398
7;213434.53999999992;0.35108957388234824
