id;f1_distancia;f2_inequidad
0;611356.7400000007;0.18585500730471152
1;626684.7200000006;0.17776656645285552
2;629145.11;0.17380617838985005
3;659657.32;0.15683484296784947
