id;f1_distancia;f2_inequidad
0;660823.62;0.1606675337349907
1;609869.0700000005;0.188463912302155
2;611629.7800000006;0.18329222247100224
