id;f1_distancia;f2_inequidad
0;209498.28999999995;0.34024092770989334
1;216681.65000000014;0.18484227510682366
2;210308.25999999992;0.3147971127920683
3;214650.72000000018;0.25546118426615566
4;216427.66000000015;0.2054804667656326
5;214904.71000000017;0.2353705707083101
