id;f1_distancia;f2_inequidad
0;600083.0800000005;0.21839221577727852
1;610641.9600000005;0.1292608758419867
2;609816.8800000005;0.15967916746851324
3;600908.1600000006;0.1988641912279191
