id;f1_distancia;f2_inequidad
0;611629.7800000006;0.1899257153303628
1;656198.3100000003;0.12639601318252686
2;612454.8600000006;0.16057253444583658
3;655123.5600000002;0.14299222826346192
