id;f1_distancia;f2_inequidad
0;613458.9200000006;0.1817875749662484
1;609229.0000000006;0.21194781197266463
2;611058.1400000006;0.1838429160273452
