id;f1_distancia;f2_inequidad
0;218363.81000000008;0.19856254262406428
1;211781.74999999994;0.3094574104604523
2;215028.4300000001;0.24438130497691982
3;212407.80999999994;0.2852873794770614
