id;f1_distancia;f2_inequidad
0;612921.0500000006;0.17061639673250745
1;611091.9100000005;0.1907274314958391
