id;f1_distancia;f2_inequidad
0;625959.0100000006;0.16755945773068137
1;611002.8300000005;0.2130876381978419
2;615921.0900000005;0.17776656645285552
3;614131.1600000005;0.19855703523228377
