id;f1_distancia;f2_inequidad
0;216769.6400000001;0.1534329386626831
1;211873.20999999993;0.34278273002005216
2;215733.93000000008;0.30819253542045577
3;214053.1100000001;0.3353066589788452
4;214382.36000000013;0.30990589969645094
5;212701.54000000015;0.3366243785322481
