id;f1_distancia;f2_inequidad
0;208836.92999999996;0.361684907374115
1;239003.25000000015;0.19360433592481577
2;216595.18000000008;0.23614378858841262
3;215028.4300000001;0.24986107250941586
4;209212.77000000002;0.3322639094989938
