id;f1_distancia;f2_inequidad
0;611629.7800000006;0.18420567900511203
1;623480.0400000006;0.14719877876106854
2;613442.1200000006;0.15103605413422816
