id;f1_distancia;f2_inequidad
0;266225.1599999999;0.5382252455343911
1;283295.7200000001;0.4613713236254382
2;272282.02;0.5117701018550984
3;277946.7299999999;0.467446103176612
4;276039.6099999999;0.48476686657666235
