id;f1_distancia;f2_inequidad
0;635168.77;0.1778845519384957
1;611424.2400000006;0.1968591108419531
