id;f1_distancia;f2_inequidad
0;611629.7800000006;0.188757178567962
1;612454.8600000006;0.1426583678306652
