id;f1_distancia;f2_inequidad
0;210239.43999999994;0.3339317545048189
1;218762.2400000001;0.17240134054647677
2;215028.4300000001;0.22999849033320974
3;210475.58999999997;0.3243583409338094
4;216595.18000000008;0.2223220261992351
