id;f1_distancia;f2_inequidad
0;213434.53999999992;0.34397088862609027
1;222608.7300000001;0.2315032397181518
2;214793.0100000001;0.2767620317569269
3;214480.9699999999;0.3186069940642651
