id;f1_distancia;f2_inequidad
0;300904.9600000001;0.3896167543596884
1;294018.71000000014;0.44095855184409843
2;264842.8899999999;0.46231110068810194
