id;f1_distancia;f2_inequidad
0;202099.75;0.2640496586292476
1;239629.5700000001;0.18689717910004844
2;217390.08000000016;0.26137324312603644
