id;f1_distancia;f2_inequidad
0;617651.3900000006;0.14457083495075823
1;611573.6500000006;0.18245783906730173
2;616316.2500000007;0.15264393502015564
3;611629.7800000006;0.16369005343560128
4;612964.9200000005;0.1583718236350279
