id;f1_distancia;f2_inequidad
0;211066.1799999999;0.2603083107906214
1;234527.0800000002;0.20712147536060957
2;228142.9;0.253311402559511
3;232015.3700000002;0.23329612798615704
4;216811.73999999996;0.2557328793009525
