id;f1_distancia;f2_inequidad
0;607595.7600000005;0.19056735808828856
1;614212.6500000006;0.15368996541332813
2;609630.4400000005;0.16507084106031378
3;607801.3000000005;0.18838293092026512
