id;f1_distancia;f2_inequidad
0;263322.56999999995;0.46860530174064857
1;279277.55999999994;0.36902061633163236
2;263493.8999999999;0.45593001526489174
