id;f1_distancia;f2_inequidad
0;209583.91999999998;0.31620031449840286
1;249631.32;0.1972026594366539
2;212435.8800000001;0.23090251670829023
3;248494.54;0.19720265943665394
4;209959.76000000004;0.2753470032926129
