id;f1_distancia;f2_inequidad
0;611629.7800000006;0.1910072371624633
1;614758.1100000006;0.1767766952966369
