id;f1_distancia;f2_inequidad
0;611629.7800000006;0.1914361424362165
1;654568.0399999999;0.16460800307923784
2;613554.5600000005;0.16608454451794838
