id;f1_distancia;f2_inequidad
0;222608.7300000001;0.22542398324539975
1;208677.08999999994;0.3574358916878195
2;210521.66;0.28428150172359473
3;208744.87999999995;0.3075158080850839
4;210510.82999999996;0.28476964374736297
