id;f1_distancia;f2_inequidad
0;610812.3100000005;0.14315220470163043
1;599933.3600000006;0.2326761345599286
2;600758.4400000005;0.2022875615759886
3;609667.1600000005;0.19159548999678822
4;609987.2300000006;0.18943298862060529
5;610492.2400000005;0.15289363899047598
