id;f1_distancia;f2_inequidad
0;208739.46999999997;0.2869560070812248
1;219704.9700000001;0.21501776412401125
2;218363.81000000008;0.2226341667898759
3;209332.99;0.2823512391016235
