id;f1_distancia;f2_inequidad
0;611424.2400000006;0.19578068884596356
1;611554.5000000005;0.16678360968913433
