id;f1_distancia;f2_inequidad
0;266042.79999999993;0.4012783392553796
