id;f1_distancia;f2_inequidad
0;597563.4900000006;0.171875
1;626490.4800000001;0.1447817719003652
2;600719.0800000007;0.16345684338209124
3;598970.5400000006;0.16387638252658618
