id;f1_distancia;f2_inequidad
0;611629.7800000006;0.2094857449654988
1;629586.54;0.1528811634783186
2;626342.1000000002;0.2016832093739074
