id;f1_distancia;f2_inequidad
0;210723.17999999993;0.3409290819054439
1;221143.58000000007;0.19930434571835667
2;211476.76999999993;0.23790170706033673
3;217134.4400000001;0.23746344747958356
4;217919.4100000001;0.2153807997220015
5;220489.9400000001;0.2046338192968113
