id;f1_distancia;f2_inequidad
0;208361.52999999997;0.38260800944163326
1;241894.63;0.1840893502864544
2;212200.46000000008;0.2684510611307437
3;241386.10000000003;0.21196828903294848
4;210870.56999999995;0.3573630273731928
