id;f1_distancia;f2_inequidad
0;217893.40000000008;0.19252525086913205
1;208140.65999999995;0.2706730294818619
2;214296.85000000012;0.2380111458641287
3;216867.3800000001;0.19995659251169723
4;215322.8700000001;0.22878756522153912
5;214404.73000000013;0.2353705707083099
