id;f1_distancia;f2_inequidad
0;209322.15999999995;0.3205626563819727
1;251761.91000000003;0.2240721609958126
2;221584.8400000001;0.22909089656485468
3;216344.4500000001;0.25166114784235843
4;217913.88000000015;0.2384848003542365
