id;f1_distancia;f2_inequidad
0;223550.0400000001;0.201900690659762
1;208422.51000000015;0.26767387910581697
2;222608.7300000001;0.24438130497691973
