id;f1_distancia;f2_inequidad
0;212435.8800000001;0.2432063024585416
1;208156.28999999995;0.32435834093380944
2;208427.45999999996;0.3205626563819727
