id;f1_distancia;f2_inequidad
0;659435.36;0.16497837734150003
1;611356.9600000005;0.1966749355495954
2;624383.8200000001;0.1838429160273452
3;612473.4900000006;0.19542965236482795
