id;f1_distancia;f2_inequidad
0;600545.3500000007;0.18170361810922855
1;602374.4900000006;0.153677554546799
