id;f1_distancia;f2_inequidad
0;220489.9400000001;0.2440614107601246
1;213019.8699999999;0.26246692913372693
2;221431.25000000012;0.21501776412401125
