id;f1_distancia;f2_inequidad
0;606512.8400000007;0.21034893292808587
1;613894.1800000005;0.1606675337349907
2;607337.9200000006;0.16714916324480208
