id;f1_distancia;f2_inequidad
0;262089.64999999994;0.5084998019774553
1;301591.7100000001;0.4038389994787526
2;265348.20999999996;0.4749588797990833
