id;f1_distancia;f2_inequidad
0;267269.25999999995;0.3596013779752056
