id;f1_distancia;f2_inequidad
0;200805.1;0.3763632627602694
1;222086.27000000005;0.19293061504650383
2;202535.82000000004;0.3054766312211495
3;212402.82000000007;0.2565462379810357
4;201357.77000000002;0.36226045725263595
5;201983.15000000002;0.3207792162150714
6;216197.91000000006;0.2260392665003141
7;220861.71000000005;0.19346977943739843
8;213627.38000000006;0.25654623798103565
9;214973.35000000006;0.22787514856458865
