id;f1_distancia;f2_inequidad
0;212371.15999999992;0.37749172176353735
1;232261.65999999992;0.21274495685366238
2;217913.88000000015;0.2649685515930774
3;231880.06999999995;0.22999849033320968
4;212746.99999999997;0.3581394824490715
