id;f1_distancia;f2_inequidad
0;608124.7000000005;0.19801836579812332
1;609953.8400000005;0.1728377686939674
