id;f1_distancia;f2_inequidad
0;209459.9500000001;0.2752524094152291
1;211599.4200000001;0.17775607506417956
