id;f1_distancia;f2_inequidad
0;281190.2299999999;0.42437530682364966
1;264842.8899999999;0.5492260969360028
2;267402.62999999995;0.45877701063382753
3;266456.70999999996;0.4995386326262576
4;265788.80999999994;0.5110540238348366
