id;f1_distancia;f2_inequidad
0;220646.28000000012;0.22603926650031414
1;211662.80999999994;0.291993864090783
2;211741.42999999996;0.26299556396765833
3;211730.59999999995;0.28271992422812287
