id;f1_distancia;f2_inequidad
0;287750.4200000001;0.5358005676218426
1;267269.25999999995;0.5490037931841232
2;286147.84000000014;0.5412408181797533
