id;f1_distancia;f2_inequidad
0;221074.24000000008;0.18022940628235146
1;205246.33000000002;0.3207792162150713
2;220132.93000000005;0.1989119710380002
3;211076.74999999997;0.20138409955990952
4;205611.63;0.28281202041088854
5;210042.22999999998;0.25162665244807086
6;210512.50999999995;0.2099933861392359
7;209477.98999999996;0.2570870475150393
