id;f1_distancia;f2_inequidad
0;611573.6500000006;0.2060246016246831
1;612454.8600000006;0.15502449088269085
2;612398.7300000006;0.17394878186103374
3;611629.7800000006;0.19270723359765032
