id;f1_distancia;f2_inequidad
0;612454.8600000006;0.1588528325592886
1;611629.7800000006;0.1868069875190366
