id;f1_distancia;f2_inequidad
0;609834.9500000005;0.2094857449654988
1;633257.6599999999;0.1623327715248449
2;611069.0400000005;0.20248547160460056
