id;f1_distancia;f2_inequidad
0;267402.62999999995;0.4928965901800409
1;280758.64999999997;0.35782425077745134
2;267731.92000000004;0.4632489712616748
