id;f1_distancia;f2_inequidad
0;259591.35999999996;0.6046827896026699
1;288732.35;0.3193264803326944
2;283082.48999999993;0.35782425077745134
3;263589.41;0.4521361336293896
4;259815.00999999998;0.5846107664625146
5;263365.75999999995;0.4854658415721268
