id;f1_distancia;f2_inequidad
0;220646.28000000012;0.1999565925116972
1;209426.60000000012;0.23258809561588112
2;218942.24000000014;0.2303379160180876
3;219704.9700000001;0.21372197672053608
