id;f1_distancia;f2_inequidad
0;211560.0299999999;0.3933474573735315
1;220669.6500000001;0.23033791601808765
2;215596.3100000002;0.270801280154532
3;213810.37999999998;0.32134699141098055
4;211935.86999999997;0.3558050340034864
