id;f1_distancia;f2_inequidad
0;611629.7800000006;0.18668442414607064
1;612454.8600000006;0.15525808198443125
