id;f1_distancia;f2_inequidad
0;221719.31000000008;0.2025874296857203
1;210165.53999999995;0.32890284786443147
2;214002.63000000006;0.2324014127897391
3;212435.8800000001;0.2482927819239931
