id;f1_distancia;f2_inequidad
0;658601.8900000002;0.16845632359452814
1;611335.1600000006;0.21075657750337828
2;615235.8600000006;0.1778845519384957
