id;f1_distancia;f2_inequidad
0;638616.3900000008;0.16170884254072
1;611540.7000000007;0.16195634720021782
