id;f1_distancia;f2_inequidad
0;611629.7800000006;0.16553238492507855
