id;f1_distancia;f2_inequidad
0;211831.19999999992;0.3384759551611048
1;217909.1100000001;0.22909089656485454
2;213663.0200000001;0.3054766312211495
3;216342.36000000013;0.2324014127897391
4;212005.13999999993;0.32659863237109044
