id;f1_distancia;f2_inequidad
0;223340.7600000001;0.23033791601808765
1;212972.93999999992;0.29718003335053017
2;213434.53999999992;0.28903575326707714
