id;f1_distancia;f2_inequidad
0;278426.66;0.35782425077745134
1;265528.06999999995;0.505369390135682
2;266473.98999999993;0.4697616398386409
