id;f1_distancia;f2_inequidad
0;658601.8900000002;0.14028550599887138
1;607034.6500000006;0.14893778768200291
