id;f1_distancia;f2_inequidad
0;265909.42999999993;0.46759116015548835
1;266925.38999999996;0.4597515935565398
