id;f1_distancia;f2_inequidad
0;658398.08;0.14852741931074334
1;611211.5300000006;0.21647110941402203
2;612365.7800000006;0.15750230575569163
3;656032.2899999999;0.15337939247861615
4;611540.7000000007;0.1979123834514594
5;612309.6500000006;0.1772830808946087
6;611267.6600000006;0.20191949973937634
