id;f1_distancia;f2_inequidad
0;212200.46000000008;0.20799973290581147
1;202557.04;0.3353843152100123
2;211411.8400000001;0.2570870475150393
3;206012.5600000001;0.2589709872210056
4;203809.96000000005;0.3246525920973919
5;204195.40000000005;0.2886450627019666
6;211676.66000000012;0.22173557826083462
7;205448.3200000001;0.26296255542482755
