id;f1_distancia;f2_inequidad
0;645395.4400000001;0.17469281074217108
1;609881.2400000006;0.19068742574154568
