id;f1_distancia;f2_inequidad
0;216599.9500000001;0.1727534370135657
1;208060.69999999998;0.3427574053013134
2;212435.8800000001;0.22817969283488437
