id;f1_distancia;f2_inequidad
0;638499.6100000003;0.1616262567623219
1;610641.9800000006;0.21287270566786945
2;612471.1200000006;0.18773382230463795
