id;f1_distancia;f2_inequidad
0;250931.98;0.17057907908715605
1;212714.63999999993;0.33662437853224797
2;223393.7000000001;0.23771919709326533
3;217214.3500000001;0.2605749518959095
4;212725.46999999997;0.2936539441057941
5;214369.34999999995;0.2869560070812249
