id;f1_distancia;f2_inequidad
0;610077.5500000006;0.2030404721960855
1;625834.0300000007;0.13975424859373686
2;617839.4800000002;0.1570293065800139
3;613369.8400000005;0.1772830808946087
4;611906.6900000005;0.17779875207726958
5;611484.6000000006;0.19390115071860714
6;611412.6900000005;0.20188171186597734
7;611156.4800000006;0.2021838171032427
