id;f1_distancia;f2_inequidad
0;658601.8900000002;0.18237419076992328
1;611629.7800000006;0.21013119913427747
2;612010.6400000006;0.1843712757833616
