id;f1_distancia;f2_inequidad
0;266303.99999999994;0.31384260198297553
