id;f1_distancia;f2_inequidad
0;604920.2700000006;0.16312978920172735
1;634106.8;0.1583718236350279
