id;f1_distancia;f2_inequidad
0;208007.81;0.2852873794770615
1;224335.01000000007;0.190348729675007
2;210336.44000000015;0.23790170706033661
3;221764.48000000013;0.19645292056877137
4;208880.94000000015;0.25041632002194536
5;208469.41;0.2661127058639294
