id;f1_distancia;f2_inequidad
0;656590.930000001;0.1591527249020575
1;609242.1200000006;0.20550550704965154
2;614315.0800000007;0.17394878186103374
3;614293.4800000006;0.17638784226368182
