id;f1_distancia;f2_inequidad
0;611629.7800000006;0.19247945304304562
1;612195.4600000005;0.19031697385443416
