id;f1_distancia;f2_inequidad
0;611629.7800000006;0.2024383677186945
1;612273.7800000006;0.17043743625663457
2;611661.1100000006;0.20175885239930458
