id;f1_distancia;f2_inequidad
0;275948.48000000004;0.45057351570587845
1;265356.73999999993;0.48591265790377497
2;266302.66;0.4599580577950076
