id;f1_distancia;f2_inequidad
0;660823.62;0.17389394821157342
1;609869.0700000005;0.19228116365998388
2;611629.7800000006;0.18940278003751027
