id;f1_distancia;f2_inequidad
0;308448.7700000001;0.443626498854736
1;258559.78999999992;0.49319919171500404
2;263734.38999999996;0.45785960366324807
3;298655.6900000002;0.4521061342176438
4;262788.47;0.4780047052737963
5;260475.82999999993;0.4912427551063165
