id;f1_distancia;f2_inequidad
0;223393.7000000001;0.2411992606401052
1;212765.64999999994;0.314907393794853
2;213603.09;0.2768561098396702
3;222149.1100000001;0.2482927819239931
4;213227.24999999994;0.30319479437043984
5;213141.49;0.30912061651652345
