id;f1_distancia;f2_inequidad
0;612454.8600000006;0.15620116424322036
1;611573.6500000006;0.20024056272140361
2;612398.7300000006;0.17218544406667335
3;611629.7800000006;0.18878749045615914
