id;f1_distancia;f2_inequidad
0;596726.7500000007;0.1341698788718406
1;595319.7000000007;0.14735418838953138
