id;f1_distancia;f2_inequidad
0;657324.2600000004;0.17650674935638969
1;611026.1100000006;0.23391067286650127
2;615135.2000000005;0.18585500730471152
3;611115.1900000005;0.2130876381978419
