id;f1_distancia;f2_inequidad
0;298655.6900000002;0.44043534137323215
1;260614.2099999999;0.5149406232626351
2;262530.2499999999;0.48744546525454746
3;296771.87000000017;0.4416654382844553
