id;f1_distancia;f2_inequidad
0;267402.62999999995;0.4840108398120394
1;266456.70999999996;0.514966962262845
