id;f1_distancia;f2_inequidad
0;615235.8600000006;0.13809298183057447
1;611629.7800000006;0.17913467949684533
