id;f1_distancia;f2_inequidad
0;605023.7700000005;0.21193881263877642
1;627511.5200000001;0.1269381000724369
2;622247.5400000003;0.18651065483031895
3;606852.9100000005;0.18716400559465052
