id;f1_distancia;f2_inequidad
0;276353.48000000004;0.4028638258180768
1;260791.35;0.5185104450222985
2;263889.06999999995;0.43473206746927573
3;275011.15;0.4068838538036514
4;261015.00000000003;0.4704540784503365
