id;f1_distancia;f2_inequidad
0;298673.7400000001;0.42440726640548665
1;302199.2000000001;0.38804704889069547
2;260614.2099999999;0.4534541429099774
