id;f1_distancia;f2_inequidad
0;266473.98999999993;0.5503855577254709
