id;f1_distancia;f2_inequidad
0;205321.27000000005;0.2569857324184879
1;222164.33000000013;0.22449789655040334
