id;f1_distancia;f2_inequidad
0;213348.80999999997;0.31598061649411346
1;235957.1700000001;0.22542398324539975
2;213416.59999999998;0.29814239699997186
