id;f1_distancia;f2_inequidad
0;611629.7800000006;0.1943629260468271
1;625834.0300000007;0.15047937722076737
2;613036.8300000005;0.188757178567962
