id;f1_distancia;f2_inequidad
0;605839.2800000005;0.18271899318010157
1;639485.9100000001;0.14180010326903636
2;633001.7599999999;0.17947507824468972
