id;f1_distancia;f2_inequidad
0;211560.0299999999;0.2827199242281229
1;221894.88000000006;0.23946555075835027
2;213434.53999999992;0.26020824993326663
