id;f1_distancia;f2_inequidad
0;246886.36000000004;0.1953895681282226
1;209559.66999999995;0.33166247903553986
2;220422.72000000018;0.24944382578492955
3;212443.18999999997;0.26286350492645844
4;209935.51;0.31972210155418124
5;211831.19999999992;0.29720924166878343
6;212067.34999999992;0.29568658332016956
7;212207.03999999998;0.2778888666755511
