id;f1_distancia;f2_inequidad
0;607582.1900000006;0.20669009332267083
1;607638.3200000006;0.17328963291264715
