id;f1_distancia;f2_inequidad
0;212027.56000000014;0.20799973290581147
1;213594.3100000001;0.20258742968572033
