id;f1_distancia;f2_inequidad
0;615921.0900000005;0.15107393468177882
1;610755.3600000006;0.19498996806626842
