id;f1_distancia;f2_inequidad
0;654861.5600000003;0.13462401980695857
1;602661.7400000006;0.15780476466190746
