id;f1_distancia;f2_inequidad
0;265788.80999999994;0.45664342816481124
1;264842.8899999999;0.49253873049910163
