id;f1_distancia;f2_inequidad
0;217033.86000000007;0.17240134054647674
1;205363.49999999997;0.3091206165165234
2;211912.0800000001;0.2805933692888855
3;215329.8200000001;0.20912350152216008
