id;f1_distancia;f2_inequidad
0;266456.70999999996;0.4977978850648122
1;267402.62999999995;0.4731277062156568
