id;f1_distancia;f2_inequidad
0;209290.67999999996;0.29008499712249086
1;231111.5900000001;0.18777757232072917
2;213609.13000000015;0.2362540417055806
3;209301.51;0.26137324312603655
