id;f1_distancia;f2_inequidad
0;259437.02999999997;0.495175289880597
1;276215.08;0.4408354993645589
2;261007.06;0.4750730937913074
