id;f1_distancia;f2_inequidad
0;610148.7700000005;0.19396999543965396
1;611977.9100000006;0.17061639673250745
