id;f1_distancia;f2_inequidad
0;607652.3600000005;0.14780653314462922
1;606827.2800000005;0.17274946225382115
