id;f1_distancia;f2_inequidad
0;210558.85999999996;0.3365470084384778
1;218541.50000000012;0.2030582155168535
2;217259.19000000015;0.2207547029824935
3;210569.69;0.29297326385411565
