id;f1_distancia;f2_inequidad
0;293721.25;0.3725323904634931
1;264842.8899999999;0.4416654382844553
2;265788.80999999994;0.4133986423538422
3;289589.41;0.39470095703723757
