id;f1_distancia;f2_inequidad
0;203163.45000000004;0.34510465401414425
1;212239.6600000001;0.2339278141269699
2;205372.77000000008;0.26999871398870684
