id;f1_distancia;f2_inequidad
0;223340.7600000001;0.205986784905138
1;208731.57999999996;0.3031947943704399
2;211622.23;0.26614532371118854
3;209016.78999999998;0.29365394410579415
