id;f1_distancia;f2_inequidad
0;264709.5199999999;0.5742408938474052
1;294085.26000000007;0.29896922163679507
2;293711.5900000001;0.3726779962499648
3;265788.80999999994;0.47461607291227154
4;264842.8899999999;0.5093526324332355
