id;f1_distancia;f2_inequidad
0;215028.4300000001;0.20949675149960897
1;212569.37999999995;0.3785938897200181
2;213372.32999999993;0.3523729085310995
