id;f1_distancia;f2_inequidad
0;623222.8900000001;0.17098491115811945
1;611594.3200000006;0.20969505330564994
2;615235.8600000006;0.19985918810092113
3;613397.6500000006;0.2053569533068807
