id;f1_distancia;f2_inequidad
0;267402.62999999995;0.5492260969360028
1;272108.27;0.464798156610898
