id;f1_distancia;f2_inequidad
0;209910.08999999994;0.26444386087704036
1;243903.57000000018;0.23090251670829026
2;211091.81999999998;0.2629955639676582
3;232592.36000000007;0.23448377105652515
4;233312.26000000007;0.23240141278973914
5;240555.00000000017;0.23150323971815184
