id;f1_distancia;f2_inequidad
0;609763.9200000006;0.20954946963571483
1;614721.3900000006;0.1637715984980588
2;611593.0600000006;0.18519703862436454
