id;f1_distancia;f2_inequidad
0;212972.93999999992;0.23537057070831
