id;f1_distancia;f2_inequidad
0;609189.9300000005;0.21237035049998004
1;611916.9900000006;0.15143962480453224
2;610015.0100000005;0.17499825612970404
