id;f1_distancia;f2_inequidad
0;218140.5700000001;0.21110654234822335
1;211036.21999999994;0.2285218200133682
2;215570.04000000012;0.22075470298249344
