id;f1_distancia;f2_inequidad
0;626684.7200000006;0.13571056848468913
1;610666.2800000005;0.20054514023402406
2;625959.0100000006;0.15107393468177882
