id;f1_distancia;f2_inequidad
0;211792.14000000013;0.2263462809256844
1;204708.84999999998;0.33124344857252974
2;211527.32000000015;0.25806437612003374
3;205084.69;0.3109126351029605
