id;f1_distancia;f2_inequidad
0;260614.2099999999;0.4249182927993988
1;294018.71000000014;0.40016137152889814
