id;f1_distancia;f2_inequidad
0;210306.25999999992;0.33100751082448604
1;211989.21000000005;0.20476103958842692
