id;f1_distancia;f2_inequidad
0;611629.7800000006;0.20954946963571483
1;626672.6100000002;0.18251009978474478
