id;f1_distancia;f2_inequidad
0;610577.1100000006;0.18087245160609727
1;612918.4300000005;0.1577564102055365
