id;f1_distancia;f2_inequidad
0;213416.59999999998;0.3538478957593689
1;223393.7000000001;0.2429205974524736
2;215308.39000000004;0.2706730294818619
