id;f1_distancia;f2_inequidad
0;211175.60000000012;0.2660148283252061
1;246368.98000000004;0.17539637649874326
2;224715.9100000001;0.21602468994692872
3;222608.7300000001;0.22878756522153926
4;211302.25000000012;0.26140645235596865
