id;f1_distancia;f2_inequidad
0;603513.9300000006;0.1623327715248449
1;606399.9500000007;0.15923659354749264
