id;f1_distancia;f2_inequidad
0;610977.7400000006;0.18312564992952074
1;612005.3000000007;0.17469281074217108
