id;f1_distancia;f2_inequidad
0;611629.7800000006;0.17673353165411904
1;625288.2400000006;0.15604234247948334
