id;f1_distancia;f2_inequidad
0;300959.6500000001;0.4237676168084999
1;257899.75999999992;0.4928965901800409
2;293539.0800000001;0.4304680410611223
3;260475.82999999993;0.4875845724361855
4;258559.78999999992;0.49124275510631654
