id;f1_distancia;f2_inequidad
0;213019.8699999999;0.31710495984067405
1;222111.39000000013;0.23614378858841262
2;214707.35999999993;0.27458933984325684
3;213256.01999999993;0.2876811023801646
