id;f1_distancia;f2_inequidad
0;253013.58000000005;0.2263462809256846
1;211877.78000000014;0.27182510717166825
2;223393.7000000001;0.24576270171764392
3;253013.45000000004;0.2327000334240534
4;212200.46000000008;0.26030831079062133
