id;f1_distancia;f2_inequidad
0;611573.6500000006;0.22715943720679838
1;643612.0900000003;0.17569442300038296
2;614661.4100000006;0.1954589294845195
3;611629.7800000006;0.21186680420634416
4;613326.2700000006;0.19764235376052372
5;612964.9200000005;0.21075657750337828
