id;f1_distancia;f2_inequidad
0;212135.03;0.19578900207451225
1;209342.56000000003;0.23418742493994
2;211496.11000000002;0.20949675149960897
