id;f1_distancia;f2_inequidad
0;210927.41999999993;0.36996621467371854
1;214763.6100000001;0.18257418583505544
