id;f1_distancia;f2_inequidad
0;608388.0300000006;0.18184002831730284
1;606558.8900000005;0.21409671259444876
