id;f1_distancia;f2_inequidad
0;619444.5800000007;0.16690935902716592
1;611629.7800000006;0.2082346364521507
2;614758.1100000006;0.197246286180778
3;616316.2500000007;0.18403993322505954
