id;f1_distancia;f2_inequidad
0;610796.6300000006;0.20911211049544542
1;612625.7700000006;0.17555323753489815
