id;f1_distancia;f2_inequidad
0;611573.6500000006;0.21607424611458065
1;625337.5300000006;0.17218544406667335
2;611629.7800000006;0.19184420559076054
