id;f1_distancia;f2_inequidad
0;615235.8600000006;0.15761125782681262
1;611629.7800000006;0.17673353165411904
2;613458.9200000006;0.1608217878924914
