id;f1_distancia;f2_inequidad
0;264144.06999999995;0.591988432166917
1;267402.62999999995;0.5734845670208669
