id;f1_distancia;f2_inequidad
0;611629.7800000006;0.1914361424362165
1;658601.8900000002;0.18015394621250322
