id;f1_distancia;f2_inequidad
0;294085.26000000007;0.3973381483908469
1;258559.78999999992;0.47298434721281557
2;290615.8800000001;0.4227421643271463
3;265348.20999999996;0.46160644726084343
4;260475.82999999993;0.46759116015548835
