id;f1_distancia;f2_inequidad
0;611629.7800000006;0.2130876381978419
1;660823.62;0.1699892107961837
2;614758.1100000006;0.17942193351039715
3;658457.83;0.17213004869025447
