id;f1_distancia;f2_inequidad
0;651260.7100000004;0.14905300022139775
1;609426.9600000007;0.19872027096838912
2;629391.5399999999;0.1778845519384957
