id;f1_distancia;f2_inequidad
0;638282.8300000008;0.15047937722076737
1;602531.6600000006;0.1675480742286654
