id;f1_distancia;f2_inequidad
0;658601.8900000002;0.17324560048075535
1;611629.7800000006;0.1899257153303628
