id;f1_distancia;f2_inequidad
0;621610.2600000007;0.15852831162267988
1;609039.3300000005;0.20784039991285982
2;611629.7800000006;0.1961602694695319
3;612454.8600000006;0.16143733062321738
4;614468.4100000005;0.16044181857744413
