id;f1_distancia;f2_inequidad
0;209627.02999999994;0.28622907492659333
1;218404.27000000008;0.182526634281746
2;209637.86;0.24576270171764386
3;215030.61000000007;0.2440614107601246
4;215857.4100000001;0.22169642657371724
5;217619.3000000001;0.18441913313608946
6;215072.44000000012;0.23090251670829023
