id;f1_distancia;f2_inequidad
0;222608.7300000001;0.21980894481849966
1;212067.34999999992;0.2828120204108885
2;212443.18999999997;0.2798499101701163
3;219340.02000000014;0.2396467307424735
4;220312.3000000001;0.23746344747958348
5;221636.45000000013;0.22263416678987585
