id;f1_distancia;f2_inequidad
0;611573.6500000006;0.2212124239807464
1;635954.9600000004;0.179814832601311
2;615711.1000000007;0.18972475694657642
3;611629.7800000006;0.1946766995148222
