id;f1_distancia;f2_inequidad
0;635032.95;0.15463027666319912
1;609869.0700000005;0.19810503645478073
2;630967.2300000001;0.1899960005489836
