id;f1_distancia;f2_inequidad
0;217885.4900000001;0.21842237370135262
1;210634.58999999994;0.3390909006282664
2;210645.41999999998;0.30683758823774426
