id;f1_distancia;f2_inequidad
0;611629.7800000006;0.2094857449654988
1;619926.7800000001;0.14484762670108717
