id;f1_distancia;f2_inequidad
0;220011.44000000012;0.22407216099581254
1;210258.00000000003;0.28999521068842193
2;213787.45000000004;0.2570870475150393
3;212435.8800000001;0.25967394084804807
