id;f1_distancia;f2_inequidad
0;608470.9800000004;0.1943629260468271
1;610395.7600000004;0.15238130546710568
