id;f1_distancia;f2_inequidad
0;266225.1599999999;0.4816230065996756
1;265279.23999999993;0.519555724674136
