id;f1_distancia;f2_inequidad
0;610172.4300000006;0.16270832499733226
1;582489.4700000007;0.17070580661509255
2;584355.3300000007;0.16863738646941365
