id;f1_distancia;f2_inequidad
0;279277.55999999994;0.44487826050130463
1;267402.62999999995;0.4722094565267975
