id;f1_distancia;f2_inequidad
0;610660.0300000006;0.15383881771496263
