id;f1_distancia;f2_inequidad
0;619034.8900000006;0.1781095799246562
1;611629.7800000006;0.19087737839771474
