id;f1_distancia;f2_inequidad
0;272282.02;0.4610478328402235
1;267402.62999999995;0.4912151440136322
