id;f1_distancia;f2_inequidad
0;625959.0100000006;0.1788362990978062
1;611629.7800000006;0.1943629260468271
