id;f1_distancia;f2_inequidad
0;301834.0500000001;0.3254270698294437
1;260614.2099999999;0.47871355387816905
2;262530.2499999999;0.4206837605480974
3;290536.1300000001;0.3359274061791061
