id;f1_distancia;f2_inequidad
0;611115.1900000005;0.19760374796783967
1;656198.3100000003;0.15022566033616727
2;611940.2700000006;0.16890861686015127
