id;f1_distancia;f2_inequidad
0;262487.1;0.4639803635691685
1;274514.01;0.39607311816198215
2;266473.98999999993;0.43222891110755446
3;265528.06999999995;0.46137132362543826
