id;f1_distancia;f2_inequidad
0;258559.78999999992;0.5051814855409227
1;293384.1900000001;0.44018890949417017
2;265160.8299999999;0.49648831913919855
