id;f1_distancia;f2_inequidad
0;207143.50000000003;0.29341736485763764
1;214793.0100000001;0.22345146129653212
2;207419.85000000003;0.292854723180093
