id;f1_distancia;f2_inequidad
0;626781.2400000007;0.1374977805218597
1;610684.7400000006;0.18789630968531387
2;624543.4000000006;0.14484762670108717
3;612557.7500000005;0.1838429160273452
