id;f1_distancia;f2_inequidad
0;213856.80000000005;0.248187876863924
1;208040.02000000008;0.26137324312603666
2;209391.59000000003;0.2602082499332667
3;212505.2300000001;0.24996527536617744
