id;f1_distancia;f2_inequidad
0;611629.7800000006;0.19247945304304562
1;637473.0400000007;0.1873371688794031
