id;f1_distancia;f2_inequidad
0;267402.62999999995;0.4324798787066413
1;266456.70999999996;0.43251123941722275
